Tropical Cyclone Best Track Data (post analysis),,,,,,,,,,,
Tropical Cyclone Name,Year,Month,Day,Time (UTC),Intensity,Latitude (0.01 degree N),Longitude (0.01 degree E),Estimated minimum central pressure (hPa),Estimated maximum surface winds (knot),JMA Code,HKO Code
MALAKAS,2022,4,7,0,TD,370,14850,1000,25,2201,1
MALAKAS,2022,4,7,6,TD,380,14780,1000,25,2201,1
MALAKAS,2022,4,7,12,TD,390,14700,998,30,2201,1
MALAKAS,2022,4,7,18,TD,400,14680,998,30,2201,1
MALAKAS,2022,4,8,0,TS,450,14640,994,35,2201,1
MALAKAS,2022,4,8,6,TS,540,14600,994,35,2201,1
MALAKAS,2022,4,8,12,TS,600,14500,990,40,2201,1
MALAKAS,2022,4,8,18,TS,650,14460,990,40,2201,1
MALAKAS,2022,4,9,0,TS,700,14430,990,40,2201,1
MALAKAS,2022,4,9,6,TS,760,14370,990,40,2201,1
MALAKAS,2022,4,9,12,TS,800,14280,988,45,2201,1
MALAKAS,2022,4,9,18,TS,890,14160,988,45,2201,1
MALAKAS,2022,4,10,0,TS,1030,14050,988,45,2201,1
MALAKAS,2022,4,10,6,TS,1120,13890,988,45,2201,1
MALAKAS,2022,4,10,12,STS,1180,13780,984,50,2201,1
MALAKAS,2022,4,10,18,STS,1200,13660,980,55,2201,1
MALAKAS,2022,4,11,0,STS,1230,13640,975,60,2201,1
MALAKAS,2022,4,11,6,STS,1300,13600,975,60,2201,1
MALAKAS,2022,4,11,12,STS,1380,13600,975,60,2201,1
MALAKAS,2022,4,11,18,STS,1460,13580,975,60,2201,1
MALAKAS,2022,4,12,0,T,1530,13500,965,70,2201,1
MALAKAS,2022,4,12,6,T,1580,13510,960,75,2201,1
MALAKAS,2022,4,12,12,ST,1610,13530,950,85,2201,1
MALAKAS,2022,4,12,18,ST,1670,13590,945,90,2201,1
MALAKAS,2022,4,13,0,ST,1730,13640,940,95,2201,1
MALAKAS,2022,4,13,6,ST,1800,13690,940,95,2201,1
MALAKAS,2022,4,13,12,ST,1890,13770,940,95,2201,1
MALAKAS,2022,4,13,18,SuperT,1970,13770,935,100,2201,1
MALAKAS,2022,4,14,0,ST,2050,13800,940,95,2201,1
MALAKAS,2022,4,14,6,ST,2180,13840,945,90,2201,1
MALAKAS,2022,4,14,12,ST,2250,13920,950,85,2201,1
MALAKAS,2022,4,14,18,T,2400,14040,955,80,2201,1
MALAKAS,2022,4,15,0,T,2640,14060,965,70,2201,1
MALAKAS,2022,4,15,6,STS,2820,14170,975,60,2201,1
MEGI,2022,4,9,0,TD,1070,12700,1000,25,2202,2
MEGI,2022,4,9,6,TD,1070,12680,1000,25,2202,2
MEGI,2022,4,9,12,TD,1070,12660,1000,25,2202,2
MEGI,2022,4,9,18,TD,1070,12650,998,30,2202,2
MEGI,2022,4,10,0,TS,1070,12620,995,35,2202,2
MEGI,2022,4,10,6,TS,1070,12580,995,35,2202,2
MEGI,2022,4,10,12,TS,1080,12550,995,35,2202,2
MEGI,2022,4,10,18,TS,1090,12530,995,35,2202,2
MEGI,2022,4,11,0,TD,1100,12510,998,30,2202,2
MEGI,2022,4,11,6,TD,1130,12490,998,30,2202,2
MEGI,2022,4,11,12,TD,1120,12470,1000,25,2202,2
MEGI,2022,4,11,15,TD,1110,12480,1000,25,2202,2
CHABA,2022,6,29,0,TD,1530,11630,996,25,2203,3
CHABA,2022,6,29,6,TD,1540,11610,996,25,2203,3
CHABA,2022,6,29,12,TD,1560,11570,994,30,2203,3
CHABA,2022,6,29,18,TD,1560,11530,994,30,2203,3
CHABA,2022,6,30,0,TS,1580,11530,990,35,2203,3
CHABA,2022,6,30,6,TS,1620,11520,986,40,2203,3
CHABA,2022,6,30,12,TS,1700,11500,982,45,2203,3
CHABA,2022,6,30,18,STS,1740,11470,978,50,2203,3
CHABA,2022,7,1,0,STS,1830,11410,975,55,2203,3
CHABA,2022,7,1,6,STS,1900,11320,970,60,2203,3
CHABA,2022,7,1,12,STS,1930,11270,970,60,2203,3
CHABA,2022,7,1,18,STS,2010,11200,970,60,2203,3
CHABA,2022,7,2,0,T,2050,11180,965,65,2203,3
CHABA,2022,7,2,6,T,2130,11130,965,65,2203,3
CHABA,2022,7,2,12,STS,2190,11070,978,50,2203,3
CHABA,2022,7,2,18,TS,2240,11050,982,45,2203,3
CHABA,2022,7,3,0,TS,2340,11050,988,35,2203,3
CHABA,2022,7,3,6,TD,2430,11050,990,30,2203,3
CHABA,2022,7,3,9,TD,2470,11060,992,25,2203,3
AERE,2022,6,30,12,TD,1910,13160,1004,25,2204,4
AERE,2022,6,30,18,TD,1960,13150,1000,30,2204,4
AERE,2022,7,1,0,TS,2020,13130,995,35,2204,4
AERE,2022,7,1,6,TS,2110,13120,990,40,2204,4
AERE,2022,7,1,12,TS,2200,13110,990,40,2204,4
AERE,2022,7,1,18,TS,2340,13100,988,40,2204,4
AERE,2022,7,2,0,TS,2460,13030,988,40,2204,4
AERE,2022,7,2,6,TS,2580,12930,988,40,2204,4
AERE,2022,7,2,12,TS,2630,12810,990,35,2204,4
AERE,2022,7,2,18,TS,2730,12760,990,35,2204,4
AERE,2022,7,3,0,TD,2780,12720,995,30,2204,4
AERE,2022,7,3,6,TD,2810,12690,995,30,2204,4
AERE,2022,7,3,12,TD,2850,12650,1000,25,2204,4
AERE,2022,7,3,18,TD,2920,12670,1000,25,2204,4
AERE,2022,7,4,0,TD,2990,12740,1000,25,2204,4
AERE,2022,7,4,6,TD,3080,12790,1000,25,2204,4
AERE,2022,7,4,12,TD,3160,12860,1000,25,2204,4
AERE,2022,7,4,18,TD,3250,12920,1000,25,2204,4
SONGDA,2022,7,27,6,TD,1730,14100,1002,25,2205,5
SONGDA,2022,7,27,12,TD,1750,14100,1000,30,2205,5
SONGDA,2022,7,27,18,TD,1870,14050,1000,30,2205,5
SONGDA,2022,7,28,0,TD,1950,14040,1000,30,2205,5
SONGDA,2022,7,28,6,TD,2090,14010,1000,30,2205,5
SONGDA,2022,7,28,12,TS,2250,13930,994,35,2205,5
SONGDA,2022,7,28,18,TS,2550,13670,994,35,2205,5
SONGDA,2022,7,29,0,TS,2790,13430,994,35,2205,5
SONGDA,2022,7,29,6,TS,2910,13200,994,35,2205,5
SONGDA,2022,7,29,12,TS,2980,13020,994,35,2205,5
SONGDA,2022,7,29,18,TS,3050,12800,994,35,2205,5
SONGDA,2022,7,30,0,TS,3100,12670,994,35,2205,5
SONGDA,2022,7,30,6,TS,3170,12500,994,35,2205,5
SONGDA,2022,7,30,12,TS,3270,12410,994,35,2205,5
SONGDA,2022,7,30,18,TS,3350,12330,994,35,2205,5
SONGDA,2022,7,31,0,TD,3360,12310,996,30,2205,5
SONGDA,2022,7,31,6,TD,3390,12310,998,25,2205,5
TRASES,2022,7,30,6,TD,2160,12760,1000,25,2206,6
TRASES,2022,7,30,12,TD,2260,12780,998,30,2206,6
TRASES,2022,7,30,18,TD,2350,12790,998,30,2206,6
TRASES,2022,7,31,0,TS,2580,12800,996,35,2206,6
TRASES,2022,7,31,6,TS,2740,12760,996,35,2206,6
TRASES,2022,7,31,12,TS,2910,12720,996,35,2206,6
TRASES,2022,7,31,18,TS,3000,12720,996,35,2206,6
TRASES,2022,8,1,0,TD,3270,12690,998,30,2206,6
TRASES,2022,8,1,6,TD,3450,12640,1000,25,2206,6
nameless,2022,8,3,12,TD,2160,11710,1002,25,,7
nameless,2022,8,3,18,TD,2210,11580,1002,25,,7
nameless,2022,8,4,0,TD,2250,11510,1002,25,,7
nameless,2022,8,4,3,TD,2280,11470,1002,25,,7
MULAN,2022,8,8,18,TD,1620,11250,998,25,2207,8
MULAN,2022,8,9,0,TD,1670,11300,996,30,2207,8
MULAN,2022,8,9,6,TS,1740,11300,994,35,2207,8
MULAN,2022,8,9,12,TS,1840,11280,994,35,2207,8
MULAN,2022,8,9,18,TS,1920,11200,994,35,2207,8
MULAN,2022,8,10,0,TS,2000,11120,994,35,2207,8
MULAN,2022,8,10,6,TS,2030,10980,994,35,2207,8
MULAN,2022,8,10,12,TS,2050,10930,994,35,2207,8
MULAN,2022,8,10,18,TS,2100,10800,994,35,2207,8
MULAN,2022,8,11,0,TD,2140,10650,998,25,2207,8
MEARI,2022,8,10,0,TD,2600,14000,1006,25,2208,9
MEARI,2022,8,10,6,TD,2670,13960,1006,25,2208,9
MEARI,2022,8,10,12,TD,2760,13850,1006,25,2208,9
MEARI,2022,8,10,18,TD,2830,13760,1006,25,2208,9
MEARI,2022,8,11,0,TD,2880,13640,1004,30,2208,9
MEARI,2022,8,11,6,TD,2880,13580,1004,30,2208,9
MEARI,2022,8,11,12,TS,2880,13540,998,35,2208,9
MEARI,2022,8,11,18,TS,2950,13590,998,35,2208,9
MEARI,2022,8,12,0,TS,3040,13610,998,35,2208,9
MEARI,2022,8,12,6,TS,3080,13640,998,35,2208,9
MEARI,2022,8,12,12,TS,3190,13670,995,40,2208,9
MEARI,2022,8,12,18,TS,3290,13670,995,40,2208,9
MEARI,2022,8,13,0,TS,3380,13730,995,40,2208,9
MEARI,2022,8,13,6,TS,3470,13830,995,40,2208,9
MEARI,2022,8,13,12,TS,3590,14020,995,40,2208,9
MEARI,2022,8,13,18,TS,3730,14270,995,40,2208,9
MA-ON,2022,8,21,6,TD,1710,12730,1000,25,2209,10
MA-ON,2022,8,21,12,TD,1680,12630,998,30,2209,10
MA-ON,2022,8,21,18,TD,1640,12510,998,30,2209,10
MA-ON,2022,8,22,0,TS,1630,12450,995,35,2209,10
MA-ON,2022,8,22,6,TS,1620,12360,992,40,2209,10
MA-ON,2022,8,22,12,TS,1620,12340,988,45,2209,10
MA-ON,2022,8,22,18,STS,1650,12330,985,50,2209,10
MA-ON,2022,8,23,0,STS,1700,12290,985,50,2209,10
MA-ON,2022,8,23,6,STS,1790,12160,985,50,2209,10
MA-ON,2022,8,23,12,STS,1840,12040,985,50,2209,10
MA-ON,2022,8,23,18,STS,1880,11890,982,55,2209,10
MA-ON,2022,8,24,0,STS,1920,11740,980,60,2209,10
MA-ON,2022,8,24,6,STS,1960,11640,980,60,2209,10
MA-ON,2022,8,24,12,STS,2010,11480,980,60,2209,10
MA-ON,2022,8,24,18,T,2070,11350,978,65,2209,10
MA-ON,2022,8,25,0,STS,2100,11180,982,55,2209,10
MA-ON,2022,8,25,6,TS,2170,11010,988,45,2209,10
MA-ON,2022,8,25,12,TD,2160,10800,995,30,2209,10
MA-ON,2022,8,25,18,TD,2160,10650,1000,25,2209,10
TOKAGE,2022,8,21,18,TD,2310,15150,1000,30,2210,11
TOKAGE,2022,8,22,0,TS,2400,15160,998,35,2210,11
TOKAGE,2022,8,22,6,TS,2510,15160,998,35,2210,11
TOKAGE,2022,8,22,12,TS,2610,15150,995,40,2210,11
TOKAGE,2022,8,22,18,TS,2730,15130,990,45,2210,11
TOKAGE,2022,8,23,0,STS,2870,15050,980,55,2210,11
TOKAGE,2022,8,23,6,STS,3030,14980,975,60,2210,11
TOKAGE,2022,8,23,12,T,3160,14900,965,70,2210,11
TOKAGE,2022,8,23,18,T,3290,14860,955,80,2210,11
TOKAGE,2022,8,24,0,T,3420,14860,955,80,2210,11
TOKAGE,2022,8,24,6,T,3520,14900,955,80,2210,11
TOKAGE,2022,8,24,12,T,3620,14950,960,75,2210,11
TOKAGE,2022,8,24,18,T,3720,15020,965,70,2210,11
TOKAGE,2022,8,25,0,STS,3860,15140,975,60,2210,11
TOKAGE,2022,8,25,6,STS,4040,15290,980,55,2210,11
HINNAMNOR,2022,8,27,18,TD,2370,15080,1002,25,2211,12
HINNAMNOR,2022,8,28,0,TD,2490,15030,1000,30,2211,12
HINNAMNOR,2022,8,28,6,TS,2580,14930,996,35,2211,12
HINNAMNOR,2022,8,28,12,TS,2670,14830,992,40,2211,12
HINNAMNOR,2022,8,28,18,TS,2720,14690,988,45,2211,12
HINNAMNOR,2022,8,29,0,STS,2730,14520,980,55,2211,12
HINNAMNOR,2022,8,29,6,T,2740,14320,965,70,2211,12
HINNAMNOR,2022,8,29,12,ST,2730,14120,950,85,2211,12
HINNAMNOR,2022,8,29,18,ST,2710,13920,940,95,2211,12
HINNAMNOR,2022,8,30,0,SuperT,2680,13730,930,105,2211,12
HINNAMNOR,2022,8,30,6,SuperT,2680,13540,920,115,2211,12
HINNAMNOR,2022,8,30,12,SuperT,2650,13360,910,125,2211,12
HINNAMNOR,2022,8,30,18,SuperT,2630,13180,910,125,2211,12
HINNAMNOR,2022,8,31,0,SuperT,2590,13030,910,125,2211,12
HINNAMNOR,2022,8,31,6,SuperT,2540,12900,910,125,2211,12
HINNAMNOR,2022,8,31,12,SuperT,2470,12770,910,125,2211,12
HINNAMNOR,2022,8,31,18,SuperT,2370,12640,910,125,2211,12
HINNAMNOR,2022,9,1,0,SuperT,2250,12570,910,125,2211,12
HINNAMNOR,2022,9,1,6,SuperT,2170,12550,915,120,2211,12
HINNAMNOR,2022,9,1,12,SuperT,2130,12550,925,110,2211,12
HINNAMNOR,2022,9,1,18,SuperT,2120,12550,935,100,2211,12
HINNAMNOR,2022,9,2,0,ST,2150,12540,945,90,2211,12
HINNAMNOR,2022,9,2,6,ST,2190,12500,945,90,2211,12
HINNAMNOR,2022,9,2,12,ST,2220,12470,950,85,2211,12
HINNAMNOR,2022,9,2,18,ST,2240,12470,950,85,2211,12
HINNAMNOR,2022,9,3,0,ST,2300,12470,950,85,2211,12
HINNAMNOR,2022,9,3,6,ST,2370,12470,950,85,2211,12
HINNAMNOR,2022,9,3,12,ST,2430,12480,950,85,2211,12
HINNAMNOR,2022,9,3,18,ST,2510,12460,945,90,2211,12
HINNAMNOR,2022,9,4,0,ST,2600,12460,940,95,2211,12
HINNAMNOR,2022,9,4,6,SuperT,2700,12470,935,100,2211,12
HINNAMNOR,2022,9,4,12,SuperT,2770,12460,935,100,2211,12
HINNAMNOR,2022,9,4,18,SuperT,2860,12470,935,100,2211,12
HINNAMNOR,2022,9,5,0,SuperT,2980,12490,935,100,2211,12
HINNAMNOR,2022,9,5,6,ST,3100,12560,940,95,2211,12
HINNAMNOR,2022,9,5,12,ST,3250,12670,950,85,2211,12
HINNAMNOR,2022,9,5,18,T,3430,12810,960,75,2211,12
HINNAMNOR,2022,9,6,0,T,3640,13070,970,65,2211,12
MUIFA,2022,9,6,6,TD,2150,13690,1002,25,2212,13
MUIFA,2022,9,6,12,TD,1950,13650,1000,30,2212,13
MUIFA,2022,9,6,18,TD,1850,13620,1000,30,2212,13
MUIFA,2022,9,7,0,TD,1750,13570,1000,30,2212,13
MUIFA,2022,9,7,6,TD,1710,13510,1000,30,2212,13
MUIFA,2022,9,7,12,TD,1710,13460,1000,30,2212,13
MUIFA,2022,9,7,18,TS,1700,13370,996,35,2212,13
MUIFA,2022,9,8,0,TS,1710,13280,996,35,2212,13
MUIFA,2022,9,8,6,TS,1720,13170,992,40,2212,13
MUIFA,2022,9,8,12,TS,1720,13080,992,40,2212,13
MUIFA,2022,9,8,18,TS,1760,13010,988,45,2212,13
MUIFA,2022,9,9,0,TS,1830,12930,988,45,2212,13
MUIFA,2022,9,9,6,STS,1900,12850,984,50,2212,13
MUIFA,2022,9,9,12,STS,1960,12780,980,55,2212,13
MUIFA,2022,9,9,18,STS,2010,12690,975,60,2212,13
MUIFA,2022,9,10,0,T,2060,12610,972,65,2212,13
MUIFA,2022,9,10,6,T,2110,12580,965,75,2212,13
MUIFA,2022,9,10,12,T,2170,12550,960,80,2212,13
MUIFA,2022,9,10,18,ST,2220,12490,955,85,2212,13
MUIFA,2022,9,11,0,ST,2260,12450,950,90,2212,13
MUIFA,2022,9,11,6,ST,2290,12440,945,95,2212,13
MUIFA,2022,9,11,12,ST,2330,12430,945,95,2212,13
MUIFA,2022,9,11,18,ST,2370,12420,950,90,2212,13
MUIFA,2022,9,12,0,ST,2400,12420,955,85,2212,13
MUIFA,2022,9,12,6,T,2470,12400,960,80,2212,13
MUIFA,2022,9,12,12,T,2490,12400,965,75,2212,13
MUIFA,2022,9,12,18,T,2520,12410,965,75,2212,13
MUIFA,2022,9,13,0,T,2570,12410,960,80,2212,13
MUIFA,2022,9,13,6,T,2610,12400,960,80,2212,13
MUIFA,2022,9,13,12,T,2670,12390,960,80,2212,13
MUIFA,2022,9,13,18,T,2720,12350,960,80,2212,13
MUIFA,2022,9,14,0,T,2790,12320,960,80,2212,13
MUIFA,2022,9,14,6,T,2880,12280,960,80,2212,13
MUIFA,2022,9,14,12,T,2990,12230,965,75,2212,13
MUIFA,2022,9,14,18,STS,3120,12150,975,60,2212,13
MUIFA,2022,9,15,0,STS,3260,12080,984,50,2212,13
MUIFA,2022,9,15,6,TS,3400,12050,990,40,2212,13
MUIFA,2022,9,15,12,TS,3520,12030,990,40,2212,13
MUIFA,2022,9,15,18,TD,3650,12060,992,30,2212,13
MERBOK,2022,9,11,6,TD,2090,15980,1000,25,2213,14
MERBOK,2022,9,11,12,TD,2100,16040,998,30,2213,14
MERBOK,2022,9,11,18,TD,2110,16100,998,30,2213,14
MERBOK,2022,9,12,0,TS,2120,16140,995,35,2213,14
MERBOK,2022,9,12,6,TS,2180,16200,990,40,2213,14
MERBOK,2022,9,12,12,TS,2270,16270,985,45,2213,14
MERBOK,2022,9,12,18,STS,2320,16320,980,50,2213,14
MERBOK,2022,9,13,0,STS,2390,16330,975,55,2213,14
MERBOK,2022,9,13,6,STS,2480,16310,970,55,2213,14
MERBOK,2022,9,13,12,STS,2590,16290,965,60,2213,14
MERBOK,2022,9,13,18,STS,2690,16220,965,60,2213,14
MERBOK,2022,9,14,0,T,2830,16210,960,65,2213,14
MERBOK,2022,9,14,6,T,3000,16200,955,70,2213,14
MERBOK,2022,9,14,12,T,3200,16180,960,65,2213,14
MERBOK,2022,9,14,18,STS,3400,16240,965,60,2213,14
MERBOK,2022,9,15,0,STS,3670,16450,970,55,2213,14
NANMADOL,2022,9,13,0,TD,2190,13840,1000,25,2214,15
NANMADOL,2022,9,13,6,TD,2200,13900,1000,25,2214,15
NANMADOL,2022,9,13,12,TD,2220,13960,998,30,2214,15
NANMADOL,2022,9,13,18,TS,2230,14020,995,35,2214,15
NANMADOL,2022,9,14,0,TS,2250,14060,995,35,2214,15
NANMADOL,2022,9,14,6,TS,2290,14060,990,40,2214,15
NANMADOL,2022,9,14,12,TS,2300,14030,985,45,2214,15
NANMADOL,2022,9,14,18,STS,2310,13970,980,50,2214,15
NANMADOL,2022,9,15,0,STS,2320,13880,980,50,2214,15
NANMADOL,2022,9,15,6,STS,2340,13790,975,60,2214,15
NANMADOL,2022,9,15,12,T,2340,13730,965,70,2214,15
NANMADOL,2022,9,15,18,T,2340,13640,950,80,2214,15
NANMADOL,2022,9,16,0,ST,2370,13590,935,90,2214,15
NANMADOL,2022,9,16,6,SuperT,2420,13540,925,100,2214,15
NANMADOL,2022,9,16,12,SuperT,2480,13470,915,115,2214,15
NANMADOL,2022,9,16,18,SuperT,2550,13380,910,120,2214,15
NANMADOL,2022,9,17,0,SuperT,2600,13310,910,120,2214,15
NANMADOL,2022,9,17,6,SuperT,2670,13250,910,120,2214,15
NANMADOL,2022,9,17,12,SuperT,2750,13200,915,110,2214,15
NANMADOL,2022,9,17,18,SuperT,2850,13140,925,100,2214,15
NANMADOL,2022,9,18,0,ST,2970,13100,930,95,2214,15
NANMADOL,2022,9,18,6,ST,3070,13060,940,85,2214,15
NANMADOL,2022,9,18,12,T,3190,13060,960,75,2214,15
NANMADOL,2022,9,18,18,T,3320,13050,965,70,2214,15
NANMADOL,2022,9,19,0,STS,3410,13100,975,60,2214,15
NANMADOL,2022,9,19,6,STS,3510,13230,980,50,2214,15
TALAS,2022,9,21,6,TD,2390,14100,1004,25,2215,16
TALAS,2022,9,21,12,TD,2440,13970,1004,25,2215,16
TALAS,2022,9,21,18,TD,2510,13850,1002,30,2215,16
TALAS,2022,9,22,0,TS,2600,13730,1000,35,2215,16
TALAS,2022,9,22,6,TS,2690,13650,1000,35,2215,16
TALAS,2022,9,22,12,TS,2800,13560,1000,35,2215,16
TALAS,2022,9,22,18,TS,2950,13500,1000,35,2215,16
TALAS,2022,9,23,0,TS,3080,13480,1000,35,2215,16
TALAS,2022,9,23,6,TS,3200,13550,1000,35,2215,16
TALAS,2022,9,23,12,TD,3280,13650,1002,30,2215,16
TALAS,2022,9,23,18,TD,3340,13740,1004,25,2215,16
NORU,2022,9,22,0,TD,1790,13460,1000,25,2216,17
NORU,2022,9,22,6,TD,1790,13450,1000,25,2216,17
NORU,2022,9,22,12,TD,1790,13410,998,30,2216,17
NORU,2022,9,22,18,TD,1790,13330,998,30,2216,17
NORU,2022,9,23,0,TS,1770,13230,994,35,2216,17
NORU,2022,9,23,6,TS,1760,13140,994,35,2216,17
NORU,2022,9,23,12,TS,1740,13050,990,40,2216,17
NORU,2022,9,23,18,TS,1690,12940,985,45,2216,17
NORU,2022,9,24,0,STS,1640,12820,980,50,2216,17
NORU,2022,9,24,6,STS,1570,12690,970,60,2216,17
NORU,2022,9,24,12,T,1550,12600,950,80,2216,17
NORU,2022,9,24,15,ST,1530,12530,940,90,2216,17
NORU,2022,9,24,18,SuperT,1510,12470,930,100,2216,17
NORU,2022,9,25,0,SuperT,1500,12360,910,120,2216,17
NORU,2022,9,25,6,SuperT,1500,12250,920,110,2216,17
NORU,2022,9,25,12,SuperT,1520,12140,930,100,2216,17
NORU,2022,9,25,18,ST,1550,11990,940,90,2216,17
NORU,2022,9,26,0,T,1590,11850,950,80,2216,17
NORU,2022,9,26,6,T,1590,11690,950,80,2216,17
NORU,2022,9,26,12,ST,1590,11540,945,85,2216,17
NORU,2022,9,26,18,ST,1590,11360,935,95,2216,17
NORU,2022,9,27,0,SuperT,1550,11210,920,110,2216,17
NORU,2022,9,27,6,SuperT,1560,11120,925,105,2216,17
NORU,2022,9,27,12,ST,1580,11020,935,95,2216,17
NORU,2022,9,27,18,ST,1590,10890,945,85,2216,17
NORU,2022,9,28,0,T,1590,10770,955,75,2216,17
NORU,2022,9,28,6,STS,1570,10640,975,55,2216,17
NORU,2022,9,28,12,TS,1560,10520,990,40,2216,17
NORU,2022,9,28,18,TD,1560,10460,996,30,2216,17
KULAP,2022,9,25,6,TD,2060,14600,1002,25,2217,18
KULAP,2022,9,25,12,TD,2090,14500,1000,30,2217,18
KULAP,2022,9,25,18,TD,2200,14450,1000,30,2217,18
KULAP,2022,9,26,0,TD,2300,14360,1000,30,2217,18
KULAP,2022,9,26,6,TS,2430,14330,998,35,2217,18
KULAP,2022,9,26,12,TS,2580,14250,995,40,2217,18
KULAP,2022,9,26,18,TS,2700,14210,992,45,2217,18
KULAP,2022,9,27,0,STS,2800,14170,985,50,2217,18
KULAP,2022,9,27,6,STS,2890,14190,985,50,2217,18
KULAP,2022,9,27,12,STS,2990,14250,985,50,2217,18
KULAP,2022,9,27,18,STS,3080,14410,985,50,2217,18
KULAP,2022,9,28,0,STS,3220,14550,980,55,2217,18
KULAP,2022,9,28,6,STS,3330,14780,975,60,2217,18
KULAP,2022,9,28,12,STS,3480,15060,975,60,2217,18
KULAP,2022,9,28,18,STS,3650,15320,975,60,2217,18
KULAP,2022,9,29,0,STS,3870,15600,975,60,2217,18
ROKE,2022,9,27,18,TD,2050,13340,1002,25,2218,19
ROKE,2022,9,28,0,TD,2110,13260,1000,30,2218,19
ROKE,2022,9,28,6,TD,2160,13210,1000,30,2218,19
ROKE,2022,9,28,12,TS,2290,13180,998,35,2218,19
ROKE,2022,9,28,18,TS,2380,13170,995,40,2218,19
ROKE,2022,9,29,0,STS,2500,13170,990,50,2218,19
ROKE,2022,9,29,6,T,2580,13210,975,65,2218,19
ROKE,2022,9,29,12,T,2660,13320,965,75,2218,19
ROKE,2022,9,29,18,T,2750,13430,975,65,2218,19
ROKE,2022,9,30,0,STS,2820,13580,980,60,2218,19
ROKE,2022,9,30,6,STS,2910,13810,985,55,2218,19
ROKE,2022,9,30,12,STS,3010,14040,985,55,2218,19
ROKE,2022,9,30,18,STS,3100,14260,985,55,2218,19
ROKE,2022,10,1,0,STS,3190,14450,990,50,2218,19
ROKE,2022,10,1,6,STS,3300,14660,990,50,2218,19
ROKE,2022,10,1,12,STS,3410,14840,990,50,2218,19
SONCA,2022,10,13,0,TD,1200,11460,1000,25,2219,20
SONCA,2022,10,13,6,TD,1290,11390,1000,25,2219,20
SONCA,2022,10,13,12,TD,1340,11360,1000,25,2219,20
SONCA,2022,10,13,18,TD,1390,11270,1000,25,2219,20
SONCA,2022,10,14,0,TD,1410,11200,998,30,2219,20
SONCA,2022,10,14,6,TS,1430,11140,996,35,2219,20
SONCA,2022,10,14,12,TS,1490,11010,996,35,2219,20
SONCA,2022,10,14,18,TD,1520,10890,998,30,2219,20
SONCA,2022,10,15,0,TD,1530,10780,1002,25,2219,20
HAITANG,2022,10,13,6,TD,1510,15260,1002,25,2221,21
HAITANG,2022,10,13,12,TD,1570,15390,1000,30,2221,21
HAITANG,2022,10,13,18,TD,1680,15520,1000,30,2221,21
HAITANG,2022,10,14,0,TD,1860,15600,1000,30,2221,21
HAITANG,2022,10,14,6,TD,2120,15670,1000,30,2221,21
HAITANG,2022,10,14,12,TD,2360,15740,1000,30,2221,21
HAITANG,2022,10,14,18,TD,2680,15740,1002,25,2221,21
HAITANG,2022,10,15,0,LOW,2690,15690,1004,20,2221,21
HAITANG,2022,10,16,0,LOW,2700,15670,1006,20,2221,21
HAITANG,2022,10,17,0,LOW,2710,15650,1006,20,2221,21
HAITANG,2022,10,17,6,TD,2730,15740,1004,25,2221,21
HAITANG,2022,10,17,12,TD,2760,15780,1002,30,2221,21
HAITANG,2022,10,17,18,TS,2820,15800,1000,35,2221,21
HAITANG,2022,10,18,0,TS,2880,15840,1000,35,2221,21
HAITANG,2022,10,18,6,TS,2980,15880,1000,35,2221,21
HAITANG,2022,10,18,12,TS,3110,15920,1000,35,2221,21
HAITANG,2022,10,18,18,TS,3230,16070,1000,35,2221,21
HAITANG,2022,10,19,0,TS,3350,16260,1000,35,2221,21
HAITANG,2022,10,19,6,TS,3490,16470,1000,35,2221,21
HAITANG,2022,10,19,12,TS,3670,16760,1000,35,2221,21
NESAT,2022,10,14,18,TD,1880,12710,1000,25,2220,22
NESAT,2022,10,15,0,TD,1880,12580,998,30,2220,22
NESAT,2022,10,15,6,TS,1900,12400,994,35,2220,22
NESAT,2022,10,15,12,TS,1900,12320,992,40,2220,22
NESAT,2022,10,15,18,STS,1910,12230,988,50,2220,22
NESAT,2022,10,16,0,STS,1920,12110,980,60,2220,22
NESAT,2022,10,16,6,T,1960,11990,975,65,2220,22
NESAT,2022,10,16,12,T,1970,11880,970,70,2220,22
NESAT,2022,10,16,18,T,1990,11780,970,70,2220,22
NESAT,2022,10,17,0,T,1960,11700,965,75,2220,22
NESAT,2022,10,17,6,T,1940,11620,965,75,2220,22
NESAT,2022,10,17,12,T,1900,11540,960,80,2220,22
NESAT,2022,10,17,18,T,1870,11460,960,80,2220,22
NESAT,2022,10,18,0,T,1840,11370,960,80,2220,22
NESAT,2022,10,18,6,T,1800,11310,965,75,2220,22
NESAT,2022,10,18,12,T,1750,11230,975,65,2220,22
NESAT,2022,10,18,18,STS,1720,11160,985,55,2220,22
NESAT,2022,10,19,0,STS,1710,11080,988,50,2220,22
NESAT,2022,10,19,6,TS,1700,11010,990,45,2220,22
NESAT,2022,10,19,12,TS,1720,10920,994,35,2220,22
NESAT,2022,10,19,18,TS,1730,10860,994,35,2220,22
NESAT,2022,10,20,0,TD,1740,10840,1002,30,2220,22
NESAT,2022,10,20,6,TD,1770,10810,1006,25,2220,22
nameless,2022,10,20,0,TD,2090,12940,1006,25,,23
nameless,2022,10,20,6,TD,2080,12830,1006,25,,23
nameless,2022,10,20,12,TD,2060,12730,1006,25,,23
nameless,2022,10,20,18,TD,2050,12580,1006,25,,23
nameless,2022,10,21,0,TD,2040,12440,1006,25,,23
nameless,2022,10,21,6,TD,2030,12300,1004,30,,23
nameless,2022,10,21,12,TD,2020,12150,1004,30,,23
nameless,2022,10,21,18,TD,2020,12070,1004,30,,23
nameless,2022,10,22,0,TD,2020,11990,1004,30,,23
nameless,2022,10,22,6,TD,2020,11950,1006,25,,23
nameless,2022,10,22,12,TD,2020,11890,1006,25,,23
nameless,2022,10,22,18,TD,2010,11790,1006,25,,23
nameless,2022,10,23,0,TD,2000,11650,1006,25,,23
nameless,2022,10,23,3,TD,1980,11590,1006,25,,23
NALGAE,2022,10,26,0,TD,1230,13360,1000,25,2222,24
NALGAE,2022,10,26,6,TD,1220,13280,1000,25,2222,24
NALGAE,2022,10,26,12,TD,1210,13220,998,30,2222,24
NALGAE,2022,10,26,18,TD,1200,13160,998,30,2222,24
NALGAE,2022,10,27,0,TD,1190,13100,998,30,2222,24
NALGAE,2022,10,27,6,TS,1160,13050,995,35,2222,24
NALGAE,2022,10,27,12,TS,1140,13000,995,35,2222,24
NALGAE,2022,10,27,18,TS,1160,12900,992,40,2222,24
NALGAE,2022,10,28,0,TS,1190,12790,988,45,2222,24
NALGAE,2022,10,28,6,TS,1230,12670,988,45,2222,24
NALGAE,2022,10,28,12,TS,1300,12540,988,45,2222,24
NALGAE,2022,10,28,18,STS,1360,12410,984,50,2222,24
NALGAE,2022,10,29,0,STS,1360,12250,984,50,2222,24
NALGAE,2022,10,29,6,STS,1400,12180,984,50,2222,24
NALGAE,2022,10,29,12,STS,1460,12110,984,50,2222,24
NALGAE,2022,10,29,18,TS,1550,11990,988,45,2222,24
NALGAE,2022,10,30,0,TS,1590,11840,988,45,2222,24
NALGAE,2022,10,30,6,TS,1540,11740,988,45,2222,24
NALGAE,2022,10,30,12,TS,1540,11730,988,45,2222,24
NALGAE,2022,10,30,18,STS,1600,11710,986,50,2222,24
NALGAE,2022,10,31,0,STS,1640,11690,984,55,2222,24
NALGAE,2022,10,31,6,STS,1710,11650,982,60,2222,24
NALGAE,2022,10,31,12,STS,1770,11640,982,60,2222,24
NALGAE,2022,10,31,18,STS,1840,11630,982,60,2222,24
NALGAE,2022,11,1,0,STS,1870,11600,982,60,2222,24
NALGAE,2022,11,1,6,STS,1920,11580,982,60,2222,24
NALGAE,2022,11,1,12,STS,1980,11570,982,60,2222,24
NALGAE,2022,11,1,18,STS,2020,11550,986,55,2222,24
NALGAE,2022,11,2,0,STS,2050,11530,986,55,2222,24
NALGAE,2022,11,2,6,STS,2120,11500,992,50,2222,24
NALGAE,2022,11,2,12,TS,2160,11460,998,45,2222,24
NALGAE,2022,11,2,18,TS,2210,11390,998,45,2222,24
NALGAE,2022,11,3,0,TD,2220,11330,1008,30,2222,24
BANYAN,2022,10,30,6,TD,890,13690,1004,25,2223,25
BANYAN,2022,10,30,12,TD,860,13610,1002,30,2223,25
BANYAN,2022,10,30,18,TS,810,13530,1000,35,2223,25
BANYAN,2022,10,31,0,TS,740,13400,998,40,2223,25
BANYAN,2022,10,31,6,TS,720,13260,1000,35,2223,25
BANYAN,2022,10,31,12,TS,710,13230,1000,35,2223,25
BANYAN,2022,10,31,18,TD,700,13200,1002,30,2223,25
BANYAN,2022,11,1,0,TD,700,13170,1004,25,2223,25
YAMANEKO,2022,11,11,18,TD,2020,16630,1008,25,2224,26
YAMANEKO,2022,11,12,0,TD,2030,16590,1008,25,2224,26
YAMANEKO,2022,11,12,6,TD,2050,16560,1006,30,2224,26
YAMANEKO,2022,11,12,12,TS,2110,16550,1004,35,2224,26
YAMANEKO,2022,11,12,18,TS,2170,16570,1004,35,2224,26
YAMANEKO,2022,11,13,0,TS,2190,16590,1004,35,2224,26
YAMANEKO,2022,11,13,6,TS,2210,16590,1004,35,2224,26
YAMANEKO,2022,11,13,12,TD,2220,16580,1006,30,2224,26
YAMANEKO,2022,11,13,18,TD,2300,16590,1008,25,2224,26
YAMANEKO,2022,11,14,0,TD,2380,16550,1008,25,2224,26
PAKHAR,2022,12,10,18,TD,1650,12500,1002,25,2225,27
PAKHAR,2022,12,11,0,TD,1680,12560,1000,30,2225,27
PAKHAR,2022,12,11,6,TD,1750,12610,1000,30,2225,27
PAKHAR,2022,12,11,12,TS,1820,12690,998,35,2225,27
PAKHAR,2022,12,11,18,TS,1920,12820,996,40,2225,27
PAKHAR,2022,12,12,0,TS,1990,12930,996,40,2225,27
PAKHAR,2022,12,12,6,TS,2020,13040,998,35,2225,27
PAKHAR,2022,12,12,12,TD,2040,13100,1000,30,2225,27
nameless,2023,4,11,0,TD,1370,12690,1002,25,,1
nameless,2023,4,11,6,TD,1380,12560,1002,25,,1
nameless,2023,4,11,12,TD,1370,12460,1002,25,,1
nameless,2023,4,11,18,TD,1360,12420,1002,25,,1
nameless,2023,4,12,0,TD,1350,12360,1002,25,,1
nameless,2023,4,12,6,TD,1360,12320,1002,25,,1
SANVU,2023,4,19,18,TD,640,15810,1004,25,2301,2
SANVU,2023,4,20,0,TD,800,15780,1002,30,2301,2
SANVU,2023,4,20,6,TS,900,15700,1000,35,2301,2
SANVU,2023,4,20,12,TS,960,15660,1000,35,2301,2
SANVU,2023,4,20,18,TS,980,15640,1000,35,2301,2
SANVU,2023,4,21,0,TS,1000,15630,998,40,2301,2
SANVU,2023,4,21,6,TS,1010,15620,998,40,2301,2
SANVU,2023,4,21,12,TS,1020,15610,998,40,2301,2
SANVU,2023,4,21,18,TS,1020,15560,1000,35,2301,2
SANVU,2023,4,22,0,TS,1010,15520,1000,35,2301,2
SANVU,2023,4,22,6,TD,1010,15480,1002,30,2301,2
SANVU,2023,4,22,12,TD,1010,15440,1004,25,2301,2
MAWAR,2023,5,19,18,TD,500,14930,1004,25,2302,3
MAWAR,2023,5,20,0,TD,530,14930,1000,30,2302,3
MAWAR,2023,5,20,6,TS,560,14920,995,35,2302,3
MAWAR,2023,5,20,12,TS,590,14920,990,40,2302,3
MAWAR,2023,5,20,18,TS,640,14900,985,45,2302,3
MAWAR,2023,5,21,0,STS,710,14880,980,50,2302,3
MAWAR,2023,5,21,6,STS,760,14830,975,55,2302,3
MAWAR,2023,5,21,12,STS,790,14790,970,60,2302,3
MAWAR,2023,5,21,18,T,830,14750,965,65,2302,3
MAWAR,2023,5,22,0,T,880,14730,960,70,2302,3
MAWAR,2023,5,22,6,T,940,14700,955,75,2302,3
MAWAR,2023,5,22,12,T,1000,14690,950,80,2302,3
MAWAR,2023,5,22,18,ST,1060,14680,940,90,2302,3
MAWAR,2023,5,23,0,SuperT,1120,14680,930,100,2302,3
MAWAR,2023,5,23,6,SuperT,1180,14650,918,115,2302,3
MAWAR,2023,5,23,12,SuperT,1220,14610,922,110,2302,3
MAWAR,2023,5,23,18,SuperT,1250,14570,926,105,2302,3
MAWAR,2023,5,24,0,SuperT,1300,14560,926,105,2302,3
MAWAR,2023,5,24,6,SuperT,1360,14520,930,100,2302,3
MAWAR,2023,5,24,12,SuperT,1380,14480,930,100,2302,3
MAWAR,2023,5,24,18,SuperT,1410,14420,922,110,2302,3
MAWAR,2023,5,25,0,SuperT,1420,14350,918,115,2302,3
MAWAR,2023,5,25,6,SuperT,1450,14280,910,125,2302,3
MAWAR,2023,5,25,12,SuperT,1470,14150,905,130,2302,3
MAWAR,2023,5,25,18,SuperT,1490,14050,900,135,2302,3
MAWAR,2023,5,26,0,SuperT,1510,13920,900,135,2302,3
MAWAR,2023,5,26,6,SuperT,1530,13790,900,135,2302,3
MAWAR,2023,5,26,12,SuperT,1570,13650,905,130,2302,3
MAWAR,2023,5,26,18,SuperT,1600,13500,910,125,2302,3
MAWAR,2023,5,27,0,SuperT,1640,13350,914,120,2302,3
MAWAR,2023,5,27,6,SuperT,1660,13220,918,115,2302,3
MAWAR,2023,5,27,12,SuperT,1680,13090,922,110,2302,3
MAWAR,2023,5,27,18,SuperT,1710,12970,926,105,2302,3
MAWAR,2023,5,28,0,SuperT,1720,12870,930,100,2302,3
MAWAR,2023,5,28,6,ST,1760,12790,934,95,2302,3
MAWAR,2023,5,28,12,ST,1800,12730,934,95,2302,3
MAWAR,2023,5,28,18,ST,1860,12680,934,95,2302,3
MAWAR,2023,5,29,0,ST,1900,12620,934,95,2302,3
MAWAR,2023,5,29,6,ST,1940,12580,934,95,2302,3
MAWAR,2023,5,29,12,ST,1970,12560,938,90,2302,3
MAWAR,2023,5,29,18,ST,2010,12540,942,85,2302,3
MAWAR,2023,5,30,0,T,2040,12500,946,80,2302,3
MAWAR,2023,5,30,6,T,2050,12500,950,75,2302,3
MAWAR,2023,5,30,12,T,2080,12500,954,70,2302,3
MAWAR,2023,5,30,18,T,2120,12490,958,65,2302,3
MAWAR,2023,5,31,0,STS,2150,12510,962,60,2302,3
MAWAR,2023,5,31,6,STS,2230,12530,962,60,2302,3
MAWAR,2023,5,31,12,STS,2270,12550,962,60,2302,3
MAWAR,2023,5,31,18,STS,2350,12560,966,55,2302,3
MAWAR,2023,6,1,0,STS,2420,12580,970,50,2302,3
MAWAR,2023,6,1,6,STS,2500,12620,970,50,2302,3
MAWAR,2023,6,1,12,STS,2580,12720,970,50,2302,3
MAWAR,2023,6,1,18,STS,2680,12810,970,50,2302,3
MAWAR,2023,6,2,0,TS,2760,12960,975,45,2302,3
MAWAR,2023,6,2,6,TS,2830,13120,975,45,2302,3
MAWAR,2023,6,2,12,TS,2900,13300,980,40,2302,3
MAWAR,2023,6,2,18,TS,3000,13510,985,35,2302,3
GUCHOL,2023,6,5,18,TD,1350,13500,1002,25,2303,4
GUCHOL,2023,6,6,0,TD,1360,13470,1002,25,2303,4
GUCHOL,2023,6,6,6,TD,1380,13480,1000,30,2303,4
GUCHOL,2023,6,6,12,TS,1410,13490,998,35,2303,4
GUCHOL,2023,6,6,18,TS,1430,13430,998,35,2303,4
GUCHOL,2023,6,7,0,TS,1460,13400,995,40,2303,4
GUCHOL,2023,6,7,6,TS,1510,13360,990,45,2303,4
GUCHOL,2023,6,7,12,STS,1530,13320,985,50,2303,4
GUCHOL,2023,6,7,18,STS,1560,13240,980,55,2303,4
GUCHOL,2023,6,8,0,STS,1580,13160,975,60,2303,4
GUCHOL,2023,6,8,6,T,1610,13120,970,65,2303,4
GUCHOL,2023,6,8,12,T,1630,13080,965,70,2303,4
GUCHOL,2023,6,8,18,T,1680,13040,960,75,2303,4
GUCHOL,2023,6,9,0,T,1730,13030,960,75,2303,4
GUCHOL,2023,6,9,6,T,1790,13010,960,75,2303,4
GUCHOL,2023,6,9,12,T,1820,13000,960,75,2303,4
GUCHOL,2023,6,9,18,T,1850,12990,955,80,2303,4
GUCHOL,2023,6,10,0,T,1900,13000,955,80,2303,4
GUCHOL,2023,6,10,6,T,2010,13020,955,80,2303,4
GUCHOL,2023,6,10,12,T,2080,13050,960,75,2303,4
GUCHOL,2023,6,10,18,T,2190,13110,960,75,2303,4
GUCHOL,2023,6,11,0,T,2320,13170,970,65,2303,4
GUCHOL,2023,6,11,6,STS,2420,13250,975,60,2303,4
GUCHOL,2023,6,11,12,STS,2560,13380,980,55,2303,4
GUCHOL,2023,6,11,18,STS,2640,13520,985,50,2303,4
GUCHOL,2023,6,12,0,STS,2810,13670,985,50,2303,4
GUCHOL,2023,6,12,6,TS,2940,13810,990,45,2303,4
GUCHOL,2023,6,12,12,TS,3060,13950,995,40,2303,4
TALIM,2023,7,14,3,TD,1770,12020,998,25,2304,5
TALIM,2023,7,14,6,TD,1770,11950,998,25,2304,5
TALIM,2023,7,14,12,TD,1750,11860,998,25,2304,5
TALIM,2023,7,14,18,TD,1760,11840,995,30,2304,5
TALIM,2023,7,15,0,TS,1770,11830,992,35,2304,5
TALIM,2023,7,15,6,TS,1810,11800,992,35,2304,5
TALIM,2023,7,15,12,TS,1840,11740,990,40,2304,5
TALIM,2023,7,15,18,TS,1880,11690,988,45,2304,5
TALIM,2023,7,16,0,STS,1900,11620,984,50,2304,5
TALIM,2023,7,16,6,STS,1920,11570,980,55,2304,5
TALIM,2023,7,16,12,STS,1960,11465,975,60,2304,5
TALIM,2023,7,16,18,T,1980,11380,970,65,2304,5
TALIM,2023,7,17,0,T,2020,11320,965,70,2304,5
TALIM,2023,7,17,6,T,2070,11210,960,75,2304,5
TALIM,2023,7,17,12,T,2110,11100,960,75,2304,5
TALIM,2023,7,17,18,STS,2110,10980,975,60,2304,5
TALIM,2023,7,18,0,STS,2170,10900,984,50,2304,5
TALIM,2023,7,18,6,TS,2230,10770,990,40,2304,5
TALIM,2023,7,18,12,TD,2230,10670,995,30,2304,5
TALIM,2023,7,18,18,TD,2240,10570,998,25,2304,5
DOKSURI,2023,7,20,12,TD,1300,13260,1002,25,2305,6
DOKSURI,2023,7,20,18,TD,1340,13240,1002,25,2305,6
DOKSURI,2023,7,21,0,TD,1380,13220,998,30,2305,6
DOKSURI,2023,7,21,6,TD,1400,13200,998,30,2305,6
DOKSURI,2023,7,21,12,TD,1430,13180,998,30,2305,6
DOKSURI,2023,7,21,18,TS,1440,13150,995,35,2305,6
DOKSURI,2023,7,22,0,TS,1450,13120,995,35,2305,6
DOKSURI,2023,7,22,6,TS,1450,13070,990,40,2305,6
DOKSURI,2023,7,22,12,TS,1460,13020,985,45,2305,6
DOKSURI,2023,7,22,18,STS,1470,12970,980,50,2305,6
DOKSURI,2023,7,23,0,STS,1470,12900,975,55,2305,6
DOKSURI,2023,7,23,6,STS,1490,12840,970,60,2305,6
DOKSURI,2023,7,23,12,T,1510,12770,960,70,2305,6
DOKSURI,2023,7,23,18,T,1520,12700,955,75,2305,6
DOKSURI,2023,7,24,0,ST,1530,12660,945,85,2305,6
DOKSURI,2023,7,24,6,ST,1570,12630,935,95,2305,6
DOKSURI,2023,7,24,12,SuperT,1650,12580,930,100,2305,6
DOKSURI,2023,7,24,18,SuperT,1690,12510,925,105,2305,6
DOKSURI,2023,7,25,0,SuperT,1760,12460,915,115,2305,6
DOKSURI,2023,7,25,6,SuperT,1830,12370,915,115,2305,6
DOKSURI,2023,7,25,12,SuperT,1880,12270,920,110,2305,6
DOKSURI,2023,7,25,18,SuperT,1900,12150,920,110,2305,6
DOKSURI,2023,7,26,0,SuperT,1890,12130,925,105,2305,6
DOKSURI,2023,7,26,6,SuperT,1930,12100,930,100,2305,6
DOKSURI,2023,7,26,12,ST,1960,12060,940,90,2305,6
DOKSURI,2023,7,26,18,ST,2000,12010,940,90,2305,6
DOKSURI,2023,7,27,0,ST,2080,11980,945,85,2305,6
DOKSURI,2023,7,27,6,ST,2110,11930,940,90,2305,6
DOKSURI,2023,7,27,12,SuperT,2180,11920,930,100,2305,6
DOKSURI,2023,7,27,18,SuperT,2280,11900,930,100,2305,6
DOKSURI,2023,7,28,0,ST,2420,11880,940,90,2305,6
DOKSURI,2023,7,28,6,T,2550,11820,965,65,2305,6
DOKSURI,2023,7,28,12,STS,2710,11760,980,50,2305,6
DOKSURI,2023,7,28,18,TS,2860,11730,990,40,2305,6
DOKSURI,2023,7,29,0,TD,3000,11650,998,30,2305,6
KHANUN,2023,7,26,18,TD,1100,14060,1002,25,2306,7
KHANUN,2023,7,27,0,TD,1190,14030,998,30,2306,7
KHANUN,2023,7,27,6,TD,1220,13900,998,30,2306,7
KHANUN,2023,7,27,12,TD,1250,13750,998,30,2306,7
KHANUN,2023,7,27,18,TS,1280,13680,995,35,2306,7
KHANUN,2023,7,28,0,TS,1310,13630,995,35,2306,7
KHANUN,2023,7,28,6,TS,1360,13600,995,35,2306,7
KHANUN,2023,7,28,12,TS,1440,13550,995,35,2306,7
KHANUN,2023,7,28,18,TS,1510,13460,990,40,2306,7
KHANUN,2023,7,29,0,TS,1570,13390,990,40,2306,7
KHANUN,2023,7,29,6,TS,1640,13370,985,45,2306,7
KHANUN,2023,7,29,12,STS,1690,13350,980,50,2306,7
KHANUN,2023,7,29,18,STS,1770,13320,975,55,2306,7
KHANUN,2023,7,30,0,STS,1870,13280,970,60,2306,7
KHANUN,2023,7,30,6,T,1960,13270,960,70,2306,7
KHANUN,2023,7,30,12,T,2040,13240,955,75,2306,7
KHANUN,2023,7,30,18,ST,2110,13220,945,85,2306,7
KHANUN,2023,7,31,0,ST,2200,13200,940,90,2306,7
KHANUN,2023,7,31,6,ST,2280,13150,935,95,2306,7
KHANUN,2023,7,31,12,SuperT,2340,13100,930,100,2306,7
KHANUN,2023,7,31,18,SuperT,2410,13030,930,100,2306,7
KHANUN,2023,8,1,0,SuperT,2460,12940,925,105,2306,7
KHANUN,2023,8,1,6,SuperT,2500,12870,925,105,2306,7
KHANUN,2023,8,1,12,SuperT,2530,12800,925,105,2306,7
KHANUN,2023,8,1,18,SuperT,2560,12740,930,100,2306,7
KHANUN,2023,8,2,0,SuperT,2580,12690,930,100,2306,7
KHANUN,2023,8,2,6,ST,2610,12610,935,95,2306,7
KHANUN,2023,8,2,12,ST,2620,12560,935,95,2306,7
KHANUN,2023,8,2,18,ST,2650,12490,935,95,2306,7
KHANUN,2023,8,3,0,ST,2660,12470,940,90,2306,7
KHANUN,2023,8,3,6,ST,2670,12420,945,85,2306,7
KHANUN,2023,8,3,12,T,2680,12430,950,80,2306,7
KHANUN,2023,8,3,18,T,2690,12440,960,70,2306,7
KHANUN,2023,8,4,0,T,2700,12450,965,65,2306,7
KHANUN,2023,8,4,6,T,2720,12520,965,65,2306,7
KHANUN,2023,8,4,12,STS,2740,12570,970,60,2306,7
KHANUN,2023,8,4,18,STS,2760,12630,970,60,2306,7
KHANUN,2023,8,5,0,STS,2770,12690,970,60,2306,7
KHANUN,2023,8,5,6,STS,2780,12760,970,60,2306,7
KHANUN,2023,8,5,12,STS,2780,12850,970,60,2306,7
KHANUN,2023,8,5,18,STS,2800,12890,975,55,2306,7
KHANUN,2023,8,6,0,STS,2760,12950,975,55,2306,7
KHANUN,2023,8,6,6,STS,2780,13000,975,55,2306,7
KHANUN,2023,8,6,12,STS,2760,13060,975,55,2306,7
KHANUN,2023,8,6,18,STS,2770,13070,975,55,2306,7
KHANUN,2023,8,7,0,STS,2780,13110,975,55,2306,7
KHANUN,2023,8,7,6,STS,2800,13120,975,55,2306,7
KHANUN,2023,8,7,12,STS,2820,13130,975,55,2306,7
KHANUN,2023,8,7,18,STS,2850,13110,975,55,2306,7
KHANUN,2023,8,8,0,STS,2900,13100,975,55,2306,7
KHANUN,2023,8,8,6,STS,2950,13070,975,55,2306,7
KHANUN,2023,8,8,12,STS,2990,13040,975,55,2306,7
KHANUN,2023,8,8,18,STS,3040,12970,975,55,2306,7
KHANUN,2023,8,9,0,STS,3090,12930,975,55,2306,7
KHANUN,2023,8,9,6,STS,3160,12890,975,55,2306,7
KHANUN,2023,8,9,12,STS,3240,12880,975,55,2306,7
KHANUN,2023,8,9,18,STS,3350,12870,978,50,2306,7
KHANUN,2023,8,10,0,TS,3480,12870,982,45,2306,7
KHANUN,2023,8,10,6,TS,3680,12810,985,40,2306,7
KHANUN,2023,8,10,12,TS,3760,12750,985,40,2306,7
KHANUN,2023,8,10,18,TS,3820,12660,988,35,2306,7
KHANUN,2023,8,11,0,TD,3870,12600,992,30,2306,7
KHANUN,2023,8,11,6,TD,3870,12530,996,25,2306,7
LAN,2023,8,7,18,TD,2390,14910,1002,25,2307,8
LAN,2023,8,8,0,TD,2400,14900,1000,30,2307,8
LAN,2023,8,8,6,TS,2400,14880,998,35,2307,8
LAN,2023,8,8,12,TS,2410,14830,995,40,2307,8
LAN,2023,8,8,18,TS,2420,14760,995,40,2307,8
LAN,2023,8,9,0,TS,2420,14690,990,45,2307,8
LAN,2023,8,9,6,STS,2450,14600,985,50,2307,8
LAN,2023,8,9,12,STS,2480,14540,980,55,2307,8
LAN,2023,8,9,18,STS,2500,14460,975,60,2307,8
LAN,2023,8,10,0,T,2520,14390,970,65,2307,8
LAN,2023,8,10,6,T,2550,14340,965,70,2307,8
LAN,2023,8,10,12,T,2590,14310,955,80,2307,8
LAN,2023,8,10,18,ST,2630,14290,945,90,2307,8
LAN,2023,8,11,0,ST,2680,14290,940,95,2307,8
LAN,2023,8,11,6,ST,2730,14280,940,95,2307,8
LAN,2023,8,11,12,ST,2790,14260,940,95,2307,8
LAN,2023,8,11,18,ST,2820,14230,945,90,2307,8
LAN,2023,8,12,0,ST,2840,14180,950,85,2307,8
LAN,2023,8,12,6,ST,2890,14140,950,85,2307,8
LAN,2023,8,12,12,T,2910,14070,955,80,2307,8
LAN,2023,8,12,18,T,2930,14000,960,75,2307,8
LAN,2023,8,13,0,T,2980,13960,960,75,2307,8
LAN,2023,8,13,6,T,3030,13900,960,75,2307,8
LAN,2023,8,13,12,T,3080,13850,960,75,2307,8
LAN,2023,8,13,18,T,3130,13800,960,75,2307,8
LAN,2023,8,14,0,T,3180,13750,960,75,2307,8
LAN,2023,8,14,6,T,3230,13690,960,75,2307,8
LAN,2023,8,14,12,T,3270,13650,965,70,2307,8
LAN,2023,8,14,18,T,3330,13600,970,65,2307,8
LAN,2023,8,15,0,STS,3420,13540,980,55,2307,8
LAN,2023,8,15,6,STS,3510,13490,985,50,2307,8
LAN,2023,8,15,12,TS,3610,13480,990,45,2307,8
LAN,2023,8,15,18,TS,3720,13470,995,40,2307,8
LAN,2023,8,16,0,TS,3830,13540,995,40,2307,8
LAN,2023,8,16,6,TS,3960,13600,995,40,2307,8
LAN,2023,8,16,12,TS,4090,13650,995,40,2307,8
LAN,2023,8,16,18,TS,4200,13760,995,40,2307,8
LAN,2023,8,17,0,TS,4400,13870,995,40,2307,8
DORA,2023,8,12,0,ST,1560,18000,960,90,2308,9
DORA,2023,8,12,6,T,1630,17910,968,80,2308,9
DORA,2023,8,12,12,T,1710,17810,974,70,2308,9
DORA,2023,8,12,18,T,1760,17700,978,65,2308,9
DORA,2023,8,13,0,STS,1800,17540,984,55,2308,9
DORA,2023,8,13,6,STS,1800,17400,988,50,2308,9
DORA,2023,8,13,12,TS,1810,17280,992,45,2308,9
DORA,2023,8,13,18,TS,1840,17140,992,45,2308,9
DORA,2023,8,14,0,TS,1870,17010,995,40,2308,9
DORA,2023,8,14,6,TS,1920,16930,995,40,2308,9
DORA,2023,8,14,12,TS,1970,16850,995,40,2308,9
DORA,2023,8,14,18,TS,2040,16820,995,40,2308,9
DORA,2023,8,15,0,TS,2090,16780,998,35,2308,9
DORA,2023,8,15,6,TD,2140,16770,1002,30,2308,9
DORA,2023,8,15,12,TD,2250,16790,1002,30,2308,9
DORA,2023,8,15,18,TD,2360,16820,1006,25,2308,9
SAOLA,2023,8,23,12,TD,1910,12550,1000,25,2309,10
SAOLA,2023,8,23,18,TD,1960,12520,998,30,2309,10
SAOLA,2023,8,24,0,TS,2010,12490,996,35,2309,10
SAOLA,2023,8,24,6,TS,2030,12460,996,35,2309,10
SAOLA,2023,8,24,12,TS,2030,12430,994,40,2309,10
SAOLA,2023,8,24,18,STS,2010,12420,988,50,2309,10
SAOLA,2023,8,25,0,STS,1990,12410,984,55,2309,10
SAOLA,2023,8,25,6,T,1970,12390,978,65,2309,10
SAOLA,2023,8,25,12,T,1940,12360,972,75,2309,10
SAOLA,2023,8,25,18,T,1900,12340,968,80,2309,10
SAOLA,2023,8,26,0,ST,1850,12320,960,85,2309,10
SAOLA,2023,8,26,6,ST,1800,12310,950,95,2309,10
SAOLA,2023,8,26,12,SuperT,1750,12310,945,100,2309,10
SAOLA,2023,8,26,18,SuperT,1720,12300,935,105,2309,10
SAOLA,2023,8,27,0,SuperT,1680,12300,945,100,2309,10
SAOLA,2023,8,27,6,SuperT,1650,12300,945,100,2309,10
SAOLA,2023,8,27,12,SuperT,1620,12320,945,100,2309,10
SAOLA,2023,8,27,18,ST,1600,12380,955,90,2309,10
SAOLA,2023,8,28,0,ST,1680,12430,955,90,2309,10
SAOLA,2023,8,28,6,SuperT,1750,12430,945,100,2309,10
SAOLA,2023,8,28,12,SuperT,1790,12410,945,100,2309,10
SAOLA,2023,8,28,18,ST,1820,12380,950,95,2309,10
SAOLA,2023,8,29,0,ST,1850,12350,955,90,2309,10
SAOLA,2023,8,29,6,ST,1890,12310,950,95,2309,10
SAOLA,2023,8,29,12,SuperT,1930,12270,930,110,2309,10
SAOLA,2023,8,29,18,SuperT,1990,12190,915,125,2309,10
SAOLA,2023,8,30,0,SuperT,2010,12100,915,125,2309,10
SAOLA,2023,8,30,6,SuperT,2040,12030,915,125,2309,10
SAOLA,2023,8,30,12,SuperT,2070,11960,915,125,2309,10
SAOLA,2023,8,30,18,SuperT,2090,11870,920,120,2309,10
SAOLA,2023,8,31,0,SuperT,2100,11820,925,115,2309,10
SAOLA,2023,8,31,6,SuperT,2120,11780,930,110,2309,10
SAOLA,2023,8,31,12,SuperT,2150,11730,930,110,2309,10
SAOLA,2023,8,31,18,SuperT,2160,11680,930,110,2309,10
SAOLA,2023,9,1,0,SuperT,2180,11630,925,115,2309,10
SAOLA,2023,9,1,6,SuperT,2190,11550,930,110,2309,10
SAOLA,2023,9,1,12,SuperT,2195,11450,945,100,2309,10
SAOLA,2023,9,1,18,ST,2185,11345,960,85,2309,10
SAOLA,2023,9,2,0,T,2170,11280,972,75,2309,10
SAOLA,2023,9,2,6,STS,2170,11190,984,55,2309,10
SAOLA,2023,9,2,12,TS,2160,11100,996,35,2309,10
SAOLA,2023,9,2,18,TD,2140,11020,998,30,2309,10
SAOLA,2023,9,3,0,TD,2110,10970,1000,25,2309,10
SAOLA,2023,9,3,6,TD,2100,10930,1000,25,2309,10
DAMREY,2023,8,23,12,TD,1680,15000,1002,25,2310,11
DAMREY,2023,8,23,18,TD,1670,14980,1002,25,2310,11
DAMREY,2023,8,24,0,TD,1650,14970,1002,25,2310,11
DAMREY,2023,8,24,6,TD,1690,15090,1000,30,2310,11
DAMREY,2023,8,24,12,TS,1760,15250,998,35,2310,11
DAMREY,2023,8,24,18,TS,1820,15360,998,35,2310,11
DAMREY,2023,8,25,0,TS,1880,15470,998,35,2310,11
DAMREY,2023,8,25,6,TS,2020,15560,995,40,2310,11
DAMREY,2023,8,25,12,TS,2160,15530,995,40,2310,11
DAMREY,2023,8,25,18,TS,2310,15500,992,45,2310,11
DAMREY,2023,8,26,0,TS,2450,15420,992,45,2310,11
DAMREY,2023,8,26,6,STS,2610,15280,988,50,2310,11
DAMREY,2023,8,26,12,STS,2760,15100,988,50,2310,11
DAMREY,2023,8,26,18,STS,2960,14930,988,50,2310,11
DAMREY,2023,8,27,0,STS,3170,14740,988,50,2310,11
DAMREY,2023,8,27,6,STS,3370,14560,984,55,2310,11
DAMREY,2023,8,27,12,STS,3570,14450,980,60,2310,11
DAMREY,2023,8,27,18,STS,3730,14410,984,55,2310,11
DAMREY,2023,8,28,0,STS,3850,14460,984,55,2310,11
DAMREY,2023,8,28,6,STS,3990,14560,988,50,2310,11
DAMREY,2023,8,28,12,STS,4050,14740,988,50,2310,11
DAMREY,2023,8,28,18,TS,4100,14980,992,45,2310,11
HAIKUI,2023,8,27,12,TD,1830,14370,1002,25,2311,12
HAIKUI,2023,8,27,18,TD,1840,14340,1000,25,2311,12
HAIKUI,2023,8,28,0,TD,1840,14290,998,30,2311,12
HAIKUI,2023,8,28,6,TS,1850,14170,995,35,2311,12
HAIKUI,2023,8,28,12,TS,1860,14050,995,35,2311,12
HAIKUI,2023,8,28,18,TS,1880,13940,992,40,2311,12
HAIKUI,2023,8,29,0,TS,1900,13810,988,45,2311,12
HAIKUI,2023,8,29,6,STS,1910,13700,984,50,2311,12
HAIKUI,2023,8,29,12,STS,1940,13690,980,55,2311,12
HAIKUI,2023,8,29,18,STS,1970,13680,984,50,2311,12
HAIKUI,2023,8,30,0,TS,2010,13610,988,45,2311,12
HAIKUI,2023,8,30,6,TS,2040,13530,988,45,2311,12
HAIKUI,2023,8,30,12,TS,2070,13450,988,45,2311,12
HAIKUI,2023,8,30,18,STS,2100,13370,984,50,2311,12
HAIKUI,2023,8,31,0,STS,2120,13290,980,55,2311,12
HAIKUI,2023,8,31,6,STS,2120,13200,980,55,2311,12
HAIKUI,2023,8,31,12,STS,2200,13120,980,55,2311,12
HAIKUI,2023,8,31,18,STS,2200,13030,975,60,2311,12
HAIKUI,2023,9,1,0,STS,2210,12940,975,60,2311,12
HAIKUI,2023,9,1,6,T,2210,12860,970,65,2311,12
HAIKUI,2023,9,1,12,T,2180,12780,970,65,2311,12
HAIKUI,2023,9,1,18,T,2190,12720,965,70,2311,12
HAIKUI,2023,9,2,0,T,2210,12630,965,70,2311,12
HAIKUI,2023,9,2,6,T,2240,12530,960,75,2311,12
HAIKUI,2023,9,2,12,T,2270,12430,960,75,2311,12
HAIKUI,2023,9,2,18,ST,2250,12330,950,85,2311,12
HAIKUI,2023,9,3,0,ST,2260,12270,945,90,2311,12
HAIKUI,2023,9,3,6,ST,2290,12160,940,95,2311,12
HAIKUI,2023,9,3,12,T,2270,12020,955,80,2311,12
HAIKUI,2023,9,3,18,T,2250,12000,970,65,2311,12
HAIKUI,2023,9,4,0,STS,2320,11980,980,55,2311,12
HAIKUI,2023,9,4,6,STS,2320,11930,984,50,2311,12
HAIKUI,2023,9,4,12,TS,2350,11860,992,40,2311,12
HAIKUI,2023,9,4,18,TS,2360,11780,995,35,2311,12
HAIKUI,2023,9,5,0,TD,2360,11700,998,30,2311,12
HAIKUI,2023,9,5,6,TD,2370,11660,998,30,2311,12
HAIKUI,2023,9,5,12,TD,2360,11620,1000,25,2311,12
KIROGI,2023,8,29,18,TD,1130,15480,1000,25,2312,13
KIROGI,2023,8,30,0,TD,1250,15460,998,30,2312,13
KIROGI,2023,8,30,6,TD,1290,15440,998,30,2312,13
KIROGI,2023,8,30,12,TS,1330,15430,995,35,2312,13
KIROGI,2023,8,30,18,TS,1410,15440,992,40,2312,13
KIROGI,2023,8,31,0,TS,1530,15450,990,45,2312,13
KIROGI,2023,8,31,6,STS,1660,15430,988,50,2312,13
KIROGI,2023,8,31,12,STS,1790,15350,988,50,2312,13
KIROGI,2023,8,31,18,STS,1920,15270,988,50,2312,13
KIROGI,2023,9,1,0,TS,2050,15180,990,45,2312,13
KIROGI,2023,9,1,6,TS,2190,15080,990,45,2312,13
KIROGI,2023,9,1,12,TS,2320,14930,992,40,2312,13
KIROGI,2023,9,1,18,TS,2450,14830,992,40,2312,13
KIROGI,2023,9,2,0,TS,2540,14760,995,35,2312,13
KIROGI,2023,9,2,6,TS,2710,14620,995,35,2312,13
KIROGI,2023,9,2,12,TD,2870,14490,998,30,2312,13
KIROGI,2023,9,2,18,TD,2920,14300,998,30,2312,13
KIROGI,2023,9,3,0,TD,2960,14190,998,30,2312,13
KIROGI,2023,9,3,6,TD,3020,14060,998,30,2312,13
KIROGI,2023,9,3,12,TD,3040,13960,998,30,2312,13
KIROGI,2023,9,3,18,TD,3110,13840,1000,25,2312,13
KIROGI,2023,9,4,0,TD,3180,13710,1000,25,2312,13
YUN-YEUNG,2023,9,4,6,TD,2040,13040,1002,25,2313,14
YUN-YEUNG,2023,9,4,12,TD,2100,13070,1002,25,2313,14
YUN-YEUNG,2023,9,4,18,TD,2110,13080,1002,25,2313,14
YUN-YEUNG,2023,9,5,0,TD,2130,13090,1000,30,2313,14
YUN-YEUNG,2023,9,5,6,TD,2190,13140,1000,30,2313,14
YUN-YEUNG,2023,9,5,12,TS,2260,13180,998,35,2313,14
YUN-YEUNG,2023,9,5,18,TS,2440,13260,998,35,2313,14
YUN-YEUNG,2023,9,6,0,TS,2570,13300,995,40,2313,14
YUN-YEUNG,2023,9,6,6,TS,2660,13430,995,40,2313,14
YUN-YEUNG,2023,9,6,12,TS,2760,13470,995,40,2313,14
YUN-YEUNG,2023,9,6,18,TS,2870,13560,995,40,2313,14
YUN-YEUNG,2023,9,7,0,TS,2980,13640,995,40,2313,14
YUN-YEUNG,2023,9,7,6,TS,3090,13700,995,40,2313,14
YUN-YEUNG,2023,9,7,12,TS,3210,13710,995,40,2313,14
YUN-YEUNG,2023,9,7,18,TS,3250,13720,995,40,2313,14
YUN-YEUNG,2023,9,8,0,TS,3260,13720,998,35,2313,14
YUN-YEUNG,2023,9,8,6,TD,3260,13750,1000,30,2313,14
YUN-YEUNG,2023,9,8,12,TD,3350,13800,1002,25,2313,14
nameless,2023,9,24,18,TD,1450,11070,1002,25,,15
nameless,2023,9,25,0,TD,1490,11050,1002,25,,15
nameless,2023,9,25,6,TD,1580,10950,1002,25,,15
nameless,2023,9,25,12,TD,1610,10850,1002,25,,15
nameless,2023,9,25,18,TD,1630,10760,1002,25,,15
KOINU,2023,9,28,12,TD,1580,13880,1002,25,2314,16
KOINU,2023,9,28,18,TD,1560,13700,1002,25,2314,16
KOINU,2023,9,29,0,TD,1540,13580,998,30,2314,16
KOINU,2023,9,29,6,TD,1530,13510,998,30,2314,16
KOINU,2023,9,29,12,TD,1560,13390,998,30,2314,16
KOINU,2023,9,29,18,TS,1550,13280,995,35,2314,16
KOINU,2023,9,30,0,TS,1540,13200,995,35,2314,16
KOINU,2023,9,30,6,TS,1610,13120,995,35,2314,16
KOINU,2023,9,30,12,TS,1640,13070,990,40,2314,16
KOINU,2023,9,30,18,TS,1690,13010,990,45,2314,16
KOINU,2023,10,1,0,TS,1740,12940,990,45,2314,16
KOINU,2023,10,1,6,STS,1790,12880,985,50,2314,16
KOINU,2023,10,1,12,STS,1820,12850,980,60,2314,16
KOINU,2023,10,1,18,T,1870,12800,975,70,2314,16
KOINU,2023,10,2,0,T,1920,12730,960,80,2314,16
KOINU,2023,10,2,6,ST,1950,12660,955,85,2314,16
KOINU,2023,10,2,12,ST,1990,12620,945,95,2314,16
KOINU,2023,10,2,18,ST,2010,12550,945,95,2314,16
KOINU,2023,10,3,0,ST,2050,12510,950,90,2314,16
KOINU,2023,10,3,6,ST,2110,12490,950,90,2314,16
KOINU,2023,10,3,12,ST,2170,12460,945,95,2314,16
KOINU,2023,10,3,18,ST,2190,12420,950,90,2314,16
KOINU,2023,10,4,0,ST,2210,12360,945,95,2314,16
KOINU,2023,10,4,6,ST,2210,12280,945,95,2314,16
KOINU,2023,10,4,12,ST,2200,12200,945,95,2314,16
KOINU,2023,10,4,18,ST,2190,12130,945,95,2314,16
KOINU,2023,10,5,0,ST,2190,12090,950,90,2314,16
KOINU,2023,10,5,6,T,2210,12000,960,80,2314,16
KOINU,2023,10,5,12,T,2200,11920,965,75,2314,16
KOINU,2023,10,5,18,T,2190,11840,970,70,2314,16
KOINU,2023,10,6,0,T,2180,11770,965,75,2314,16
KOINU,2023,10,6,6,T,2170,11690,960,80,2314,16
KOINU,2023,10,6,12,T,2140,11630,960,80,2314,16
KOINU,2023,10,6,18,ST,2120,11580,950,90,2314,16
KOINU,2023,10,7,0,ST,2110,11550,950,90,2314,16
KOINU,2023,10,7,6,ST,2110,11530,955,85,2314,16
KOINU,2023,10,7,12,T,2120,11520,960,80,2314,16
KOINU,2023,10,7,18,T,2130,11490,960,80,2314,16
KOINU,2023,10,8,0,T,2140,11465,960,80,2314,16
KOINU,2023,10,8,6,T,2155,11430,960,80,2314,16
KOINU,2023,10,8,12,ST,2170,11405,955,85,2314,16
KOINU,2023,10,8,18,T,2170,11365,965,75,2314,16
KOINU,2023,10,9,0,STS,2165,11320,985,55,2314,16
KOINU,2023,10,9,6,TS,2150,11250,998,40,2314,16
KOINU,2023,10,9,12,TD,2110,11210,1006,25,2314,16
BOLAVEN,2023,10,7,0,TD,960,15450,1000,25,2315,17
BOLAVEN,2023,10,7,6,TD,960,15410,998,30,2315,17
BOLAVEN,2023,10,7,12,TD,960,15370,998,30,2315,17
BOLAVEN,2023,10,7,18,TD,960,15330,998,30,2315,17
BOLAVEN,2023,10,8,0,TS,970,15290,995,35,2315,17
BOLAVEN,2023,10,8,6,TS,1000,15250,995,35,2315,17
BOLAVEN,2023,10,8,12,TS,1020,15200,992,40,2315,17
BOLAVEN,2023,10,8,18,TS,1050,15120,988,45,2315,17
BOLAVEN,2023,10,9,0,STS,1090,15030,984,50,2315,17
BOLAVEN,2023,10,9,6,STS,1140,14940,984,50,2315,17
BOLAVEN,2023,10,9,12,STS,1200,14850,980,55,2315,17
BOLAVEN,2023,10,9,18,STS,1300,14760,976,60,2315,17
BOLAVEN,2023,10,10,0,T,1380,14640,968,70,2315,17
BOLAVEN,2023,10,10,6,T,1440,14560,964,75,2315,17
BOLAVEN,2023,10,10,12,ST,1520,14500,955,85,2315,17
BOLAVEN,2023,10,10,18,ST,1610,14450,945,95,2315,17
BOLAVEN,2023,10,11,0,SuperT,1710,14410,935,105,2315,17
BOLAVEN,2023,10,11,6,SuperT,1820,14340,920,120,2315,17
BOLAVEN,2023,10,11,12,SuperT,1890,14300,905,135,2315,17
BOLAVEN,2023,10,11,18,SuperT,1970,14280,905,135,2315,17
BOLAVEN,2023,10,12,0,SuperT,2060,14290,905,135,2315,17
BOLAVEN,2023,10,12,6,SuperT,2180,14340,905,135,2315,17
BOLAVEN,2023,10,12,12,SuperT,2270,14430,905,135,2315,17
BOLAVEN,2023,10,12,18,SuperT,2400,14540,915,125,2315,17
BOLAVEN,2023,10,13,0,SuperT,2550,14700,925,115,2315,17
BOLAVEN,2023,10,13,6,SuperT,2730,14870,940,100,2315,17
BOLAVEN,2023,10,13,12,ST,2940,15060,950,90,2315,17
BOLAVEN,2023,10,13,18,T,3140,15320,960,80,2315,17
BOLAVEN,2023,10,14,0,T,3450,15640,968,70,2315,17
BOLAVEN,2023,10,14,6,T,3750,16000,972,65,2315,17
SANBA,2023,10,17,6,TD,1580,11020,1004,25,2316,18
SANBA,2023,10,17,12,TD,1590,11010,1002,30,2316,18
SANBA,2023,10,17,18,TD,1630,10980,1002,30,2316,18
SANBA,2023,10,18,0,TS,1700,10950,1000,35,2316,18
SANBA,2023,10,18,6,TS,1760,10910,1000,35,2316,18
SANBA,2023,10,18,12,TS,1830,10880,1000,35,2316,18
SANBA,2023,10,18,18,TS,1850,10860,1000,35,2316,18
SANBA,2023,10,19,0,TS,1920,10860,1000,35,2316,18
SANBA,2023,10,19,6,TS,1990,10880,1000,35,2316,18
SANBA,2023,10,19,12,TS,2090,10910,998,40,2316,18
SANBA,2023,10,19,18,TS,2120,10930,995,45,2316,18
SANBA,2023,10,20,0,TS,2120,10960,998,40,2316,18
SANBA,2023,10,20,6,TS,2070,10980,1000,35,2316,18
SANBA,2023,10,20,12,TD,2020,10960,1008,25,2316,18
JELAWAT,2023,12,16,18,TD,680,13110,1004,25,2317,19
JELAWAT,2023,12,17,0,TD,680,13030,1002,30,2317,19
JELAWAT,2023,12,17,6,TD,750,12950,1002,30,2317,19
JELAWAT,2023,12,17,12,TD,720,12840,1002,30,2317,19
JELAWAT,2023,12,17,18,TD,720,12750,1002,30,2317,19
JELAWAT,2023,12,18,0,TD,710,12670,1004,25,2317,19
JELAWAT,2023,12,18,6,TD,720,12600,1004,25,2317,19
JELAWAT,2023,12,18,12,TD,750,12530,1004,25,2317,19
EWINIAR,2024,5,24,0,TD,840,12750,1002,25,2401,0001
EWINIAR,2024,5,24,6,TD,940,12700,1002,25,2401,0001
EWINIAR,2024,5,24,12,TD,1000,12610,1002,25,2401,0001
EWINIAR,2024,5,24,18,TD,1110,12520,1000,30,2401,0001
EWINIAR,2024,5,25,0,TD,1200,12400,1000,30,2401,0001
EWINIAR,2024,5,25,6,TD,1260,12270,1000,30,2401,0001
EWINIAR,2024,5,25,12,TD,1320,12210,1000,30,2401,0001
EWINIAR,2024,5,25,18,TS,1370,12180,998,35,2401,0001
EWINIAR,2024,5,26,0,TS,1400,12160,992,45,2401,0001
EWINIAR,2024,5,26,6,STS,1440,12170,984,55,2401,0001
EWINIAR,2024,5,26,12,T,1490,12220,970,70,2401,0001
EWINIAR,2024,5,26,18,T,1550,12250,965,75,2401,0001
EWINIAR,2024,5,27,0,T,1580,12280,965,75,2401,0001
EWINIAR,2024,5,27,6,T,1640,12330,965,75,2401,0001
EWINIAR,2024,5,27,12,T,1700,12400,970,70,2401,0001
EWINIAR,2024,5,27,18,T,1760,12470,970,70,2401,0001
EWINIAR,2024,5,28,0,T,1850,12570,970,70,2401,0001
EWINIAR,2024,5,28,6,T,1980,12680,970,70,2401,0001
EWINIAR,2024,5,28,12,T,2110,12800,970,70,2401,0001
EWINIAR,2024,5,28,18,T,2260,12950,970,70,2401,0001
EWINIAR,2024,5,29,0,T,2420,13070,975,65,2401,0001
EWINIAR,2024,5,29,6,T,2540,13210,975,65,2401,0001
EWINIAR,2024,5,29,12,STS,2640,13280,980,60,2401,0001
EWINIAR,2024,5,29,18,STS,2720,13400,980,60,2401,0001
EWINIAR,2024,5,30,0,STS,2810,13490,984,55,2401,0001
MALIKSI,2024,5,30,9,TD,1680,11220,1000,25,2402,0002
MALIKSI,2024,5,30,12,TD,1720,11220,1000,25,2402,0002
MALIKSI,2024,5,30,18,TD,1820,11230,1000,25,2402,0002
MALIKSI,2024,5,31,0,TD,1910,11210,998,30,2402,0002
MALIKSI,2024,5,31,6,TS,2040,11190,996,35,2402,0002
MALIKSI,2024,5,31,12,TS,2080,11140,996,35,2402,0002
MALIKSI,2024,5,31,18,TS,2160,11160,996,35,2402,0002
MALIKSI,2024,6,1,0,TD,2260,11220,998,30,2402,0002
MALIKSI,2024,6,1,6,TD,2330,11250,1000,25,2402,0002
nameless,2024,7,13,9,TD,1340,11270,998,25,,0003
nameless,2024,7,13,12,TD,1350,11260,998,25,,0003
nameless,2024,7,13,18,TD,1370,11240,998,25,,0003
nameless,2024,7,14,0,TD,1400,11200,998,25,,0003
nameless,2024,7,14,6,TD,1450,11150,998,25,,0003
nameless,2024,7,14,12,TD,1490,11100,998,25,,0003
nameless,2024,7,14,18,TD,1560,11010,998,25,,0003
nameless,2024,7,15,0,TD,1630,10930,998,25,,0003
nameless,2024,7,15,6,TD,1700,10790,998,25,,0003
nameless,2024,7,15,9,TD,1700,10730,998,25,,0003
PRAPIROON,2024,7,19,6,TD,1440,11760,1000,25,2404,0004
PRAPIROON,2024,7,19,12,TD,1480,11660,1000,25,2404,0004
PRAPIROON,2024,7,19,18,TD,1520,11550,1000,25,2404,0004
PRAPIROON,2024,7,20,0,TD,1550,11460,998,30,2404,0004
PRAPIROON,2024,7,20,6,TD,1590,11350,998,30,2404,0004
PRAPIROON,2024,7,20,12,TD,1620,11230,998,30,2404,0004
PRAPIROON,2024,7,20,18,TD,1630,11170,998,30,2404,0004
PRAPIROON,2024,7,21,0,TS,1640,11130,995,35,2404,0004
PRAPIROON,2024,7,21,6,TS,1700,11120,992,40,2404,0004
PRAPIROON,2024,7,21,12,TS,1790,11090,988,45,2404,0004
PRAPIROON,2024,7,21,18,STS,1880,11020,984,50,2404,0004
PRAPIROON,2024,7,22,0,TS,1950,10920,988,45,2404,0004
PRAPIROON,2024,7,22,6,STS,2000,10860,984,50,2404,0004
PRAPIROON,2024,7,22,12,STS,2050,10820,980,55,2404,0004
PRAPIROON,2024,7,22,18,STS,2080,10790,984,50,2404,0004
PRAPIROON,2024,7,23,0,TS,2140,10760,992,40,2404,0004
PRAPIROON,2024,7,23,6,TD,2160,10740,998,30,2404,0004
PRAPIROON,2024,7,23,9,TD,2170,10730,1000,25,2404,0004
GAEMI,2024,7,19,12,TD,1330,13100,1000,25,2403,0005
GAEMI,2024,7,19,18,TD,1450,13000,1000,25,2403,0005
GAEMI,2024,7,20,0,TD,1540,12910,998,30,2403,0005
GAEMI,2024,7,20,6,TD,1580,12830,998,30,2403,0005
GAEMI,2024,7,20,12,TS,1610,12750,995,35,2403,0005
GAEMI,2024,7,20,18,TS,1640,12670,992,40,2403,0005
GAEMI,2024,7,21,0,TS,1670,12590,992,40,2403,0005
GAEMI,2024,7,21,6,TS,1680,12580,988,45,2403,0005
GAEMI,2024,7,21,12,TS,1690,12570,988,45,2403,0005
GAEMI,2024,7,21,18,STS,1730,12570,984,50,2403,0005
GAEMI,2024,7,22,0,STS,1760,12570,980,55,2403,0005
GAEMI,2024,7,22,6,STS,1790,12550,976,60,2403,0005
GAEMI,2024,7,22,12,T,1840,12530,972,65,2403,0005
GAEMI,2024,7,22,18,T,1880,12510,968,70,2403,0005
GAEMI,2024,7,23,0,T,1970,12500,964,75,2403,0005
GAEMI,2024,7,23,6,T,2080,12500,960,80,2403,0005
GAEMI,2024,7,23,12,ST,2190,12460,950,90,2403,0005
GAEMI,2024,7,23,18,SuperT,2280,12360,940,100,2403,0005
GAEMI,2024,7,24,0,SuperT,2340,12330,940,100,2403,0005
GAEMI,2024,7,24,6,SuperT,2410,12250,935,105,2403,0005
GAEMI,2024,7,24,12,SuperT,2360,12170,940,100,2403,0005
GAEMI,2024,7,24,18,ST,2460,12150,945,95,2403,0005
GAEMI,2024,7,25,0,ST,2510,12020,954,85,2403,0005
GAEMI,2024,7,25,6,T,2510,11970,962,75,2403,0005
GAEMI,2024,7,25,12,T,2520,11930,970,65,2403,0005
GAEMI,2024,7,25,18,STS,2550,11880,978,55,2403,0005
GAEMI,2024,7,26,0,STS,2620,11850,982,50,2403,0005
GAEMI,2024,7,26,6,TS,2760,11800,985,45,2403,0005
GAEMI,2024,7,26,12,TS,2810,11720,988,40,2403,0005
GAEMI,2024,7,26,18,TS,2870,11660,992,35,2403,0005
GAEMI,2024,7,27,0,TD,2930,11600,995,30,2403,0005
GAEMI,2024,7,27,6,TD,2980,11560,995,30,2403,0005
GAEMI,2024,7,27,12,TD,2990,11520,998,25,2403,0005
GAEMI,2024,7,27,18,TD,3000,11460,998,25,2403,0005
MARIA,2024,8,6,18,TD,2550,14090,1002,25,2405,0006
MARIA,2024,8,7,0,TD,2550,14100,1000,30,2405,0006
MARIA,2024,8,7,6,TD,2550,14150,1000,30,2405,0006
MARIA,2024,8,7,12,TD,2550,14210,1000,30,2405,0006
MARIA,2024,8,7,18,TS,2570,14280,998,35,2405,0006
MARIA,2024,8,8,0,TS,2660,14400,994,40,2405,0006
MARIA,2024,8,8,6,TS,2780,14470,990,45,2405,0006
MARIA,2024,8,8,12,STS,2890,14550,982,55,2405,0006
MARIA,2024,8,8,18,STS,2990,14560,978,60,2405,0006
MARIA,2024,8,9,0,STS,3100,14600,978,60,2405,0006
MARIA,2024,8,9,6,STS,3220,14600,978,60,2405,0006
MARIA,2024,8,9,12,STS,3270,14590,982,55,2405,0006
MARIA,2024,8,9,18,STS,3420,14590,982,55,2405,0006
MARIA,2024,8,10,0,STS,3500,14600,986,50,2405,0006
MARIA,2024,8,10,6,STS,3600,14520,986,50,2405,0006
MARIA,2024,8,10,12,TS,3620,14520,990,45,2405,0006
MARIA,2024,8,10,18,TS,3680,14510,990,45,2405,0006
MARIA,2024,8,11,0,STS,3750,14450,986,50,2405,0006
MARIA,2024,8,11,6,STS,3770,14390,986,50,2405,0006
MARIA,2024,8,11,12,STS,3790,14330,986,50,2405,0006
MARIA,2024,8,11,18,STS,3830,14260,986,50,2405,0006
MARIA,2024,8,12,0,STS,3910,14170,982,55,2405,0006
MARIA,2024,8,12,6,STS,3990,14080,986,50,2405,0006
MARIA,2024,8,12,12,TS,4030,14010,994,40,2405,0006
MARIA,2024,8,12,18,TD,4100,13960,1000,30,2405,0006
SON-TINH,2024,8,10,12,TD,2690,15330,1002,25,2406,0007
SON-TINH,2024,8,10,18,TD,2720,15430,1002,25,2406,0007
SON-TINH,2024,8,11,0,TD,2720,15480,1000,30,2406,0007
SON-TINH,2024,8,11,6,TD,2810,15490,1000,30,2406,0007
SON-TINH,2024,8,11,12,TS,2890,15480,998,35,2406,0007
SON-TINH,2024,8,11,18,TS,3040,15400,998,35,2406,0007
SON-TINH,2024,8,12,0,TS,3150,15310,998,35,2406,0007
SON-TINH,2024,8,12,6,TS,3240,15160,998,35,2406,0007
SON-TINH,2024,8,12,12,TS,3290,15030,998,35,2406,0007
SON-TINH,2024,8,12,18,TD,3410,14910,1000,30,2406,0007
SON-TINH,2024,8,13,0,TD,3510,14780,1000,30,2406,0007
SON-TINH,2024,8,13,6,TD,3600,14680,1000,30,2406,0007
SON-TINH,2024,8,13,12,TD,3710,14600,1002,25,2406,0007
AMPIL,2024,8,12,0,TD,2270,13570,1002,25,2407,0008
AMPIL,2024,8,12,6,TD,2300,13600,1000,30,2407,0008
AMPIL,2024,8,12,12,TS,2330,13700,998,35,2407,0008
AMPIL,2024,8,12,18,TS,2400,13720,994,40,2407,0008
AMPIL,2024,8,13,0,TS,2430,13820,994,40,2407,0008
AMPIL,2024,8,13,6,TS,2480,13880,990,45,2407,0008
AMPIL,2024,8,13,12,STS,2530,13910,986,50,2407,0008
AMPIL,2024,8,13,18,STS,2560,13940,982,55,2407,0008
AMPIL,2024,8,14,0,STS,2610,14040,982,55,2407,0008
AMPIL,2024,8,14,6,STS,2680,14080,978,60,2407,0008
AMPIL,2024,8,14,12,STS,2750,14120,978,60,2407,0008
AMPIL,2024,8,14,18,STS,2850,14130,978,60,2407,0008
AMPIL,2024,8,15,0,T,2950,14110,974,65,2407,0008
AMPIL,2024,8,15,6,T,3050,14110,970,70,2407,0008
AMPIL,2024,8,15,12,T,3150,14090,960,80,2407,0008
AMPIL,2024,8,15,18,ST,3250,14080,950,90,2407,0008
AMPIL,2024,8,16,0,ST,3350,14070,945,95,2407,0008
AMPIL,2024,8,16,6,ST,3410,14110,945,95,2407,0008
AMPIL,2024,8,16,12,ST,3500,14200,955,85,2407,0008
AMPIL,2024,8,16,18,ST,3580,14280,955,85,2407,0008
AMPIL,2024,8,17,0,T,3660,14400,960,80,2407,0008
AMPIL,2024,8,17,6,T,3730,14570,965,75,2407,0008
AMPIL,2024,8,17,12,T,3780,14800,970,70,2407,0008
AMPIL,2024,8,17,18,STS,3850,15010,978,60,2407,0008
AMPIL,2024,8,18,0,STS,3960,15270,986,50,2407,0008
AMPIL,2024,8,18,6,STS,4050,15540,986,50,2407,0008
AMPIL,2024,8,18,12,STS,4190,15800,986,50,2407,0008
AMPIL,2024,8,18,18,STS,4320,16090,986,50,2407,0008
WUKONG,2024,8,12,6,TD,2560,14880,1002,25,2408,0009
WUKONG,2024,8,12,12,TD,2620,14940,1000,30,2408,0009
WUKONG,2024,8,12,18,TD,2640,14970,1000,30,2408,0009
WUKONG,2024,8,13,0,TS,2670,15010,998,35,2408,0009
WUKONG,2024,8,13,6,TS,2700,14980,998,35,2408,0009
WUKONG,2024,8,13,12,TS,2730,14940,998,35,2408,0009
WUKONG,2024,8,13,18,TS,2780,14930,998,35,2408,0009
WUKONG,2024,8,14,0,TS,2920,14920,998,35,2408,0009
WUKONG,2024,8,14,6,TD,3040,14800,1000,30,2408,0009
WUKONG,2024,8,14,12,TD,3180,14740,1002,25,2408,0009
WUKONG,2024,8,14,18,TD,3420,14680,1002,25,2408,0009
WUKONG,2024,8,15,0,TD,3570,14640,1002,25,2408,0009
WUKONG,2024,8,15,6,TD,3730,14720,1002,25,2408,0009
JONGDARI,2024,8,18,0,TD,2430,12610,1002,25,2409,0010
JONGDARI,2024,8,18,6,TD,2430,12590,1000,30,2409,0010
JONGDARI,2024,8,18,12,TS,2430,12570,998,35,2409,0010
JONGDARI,2024,8,18,18,TS,2470,12580,998,35,2409,0010
JONGDARI,2024,8,19,0,TS,2510,12590,998,35,2409,0010
JONGDARI,2024,8,19,6,TS,2630,12600,998,35,2409,0010
JONGDARI,2024,8,19,12,TS,2760,12580,998,35,2409,0010
JONGDARI,2024,8,19,18,TS,2900,12550,995,40,2409,0010
JONGDARI,2024,8,20,0,TS,3100,12560,995,40,2409,0010
JONGDARI,2024,8,20,6,TS,3290,12550,998,35,2409,0010
JONGDARI,2024,8,20,12,TD,3430,12560,1000,30,2409,0010
JONGDARI,2024,8,20,18,TD,3630,12580,1002,25,2409,0010
JONGDARI,2024,8,21,0,TD,3770,12590,1002,25,2409,0010
SHANSHAN,2024,8,21,6,TD,1640,14340,1000,25,2410,0011
SHANSHAN,2024,8,21,12,TD,1660,14270,998,30,2410,0011
SHANSHAN,2024,8,21,18,TS,1670,14210,995,35,2410,0011
SHANSHAN,2024,8,22,0,TS,1680,14160,992,40,2410,0011
SHANSHAN,2024,8,22,6,TS,1700,14150,988,45,2410,0011
SHANSHAN,2024,8,22,12,STS,1710,14140,984,50,2410,0011
SHANSHAN,2024,8,22,18,STS,1720,14140,980,55,2410,0011
SHANSHAN,2024,8,23,0,STS,1740,14140,980,55,2410,0011
SHANSHAN,2024,8,23,6,STS,1790,14140,980,55,2410,0011
SHANSHAN,2024,8,23,12,STS,1830,14120,980,55,2410,0011
SHANSHAN,2024,8,23,18,STS,1900,14120,980,55,2410,0011
SHANSHAN,2024,8,24,0,STS,1980,14120,976,60,2410,0011
SHANSHAN,2024,8,24,6,STS,2130,14110,976,60,2410,0011
SHANSHAN,2024,8,24,12,STS,2260,14070,976,60,2410,0011
SHANSHAN,2024,8,24,18,STS,2360,14000,976,60,2410,0011
SHANSHAN,2024,8,25,0,STS,2470,13900,976,60,2410,0011
SHANSHAN,2024,8,25,6,STS,2580,13790,976,60,2410,0011
SHANSHAN,2024,8,25,12,STS,2650,13650,976,60,2410,0011
SHANSHAN,2024,8,25,18,STS,2680,13500,976,60,2410,0011
SHANSHAN,2024,8,26,0,STS,2720,13380,976,60,2410,0011
SHANSHAN,2024,8,26,6,T,2750,13270,968,70,2410,0011
SHANSHAN,2024,8,26,12,T,2770,13190,964,75,2410,0011
SHANSHAN,2024,8,26,18,ST,2800,13110,955,85,2410,0011
SHANSHAN,2024,8,27,0,ST,2820,13080,945,95,2410,0011
SHANSHAN,2024,8,27,6,ST,2850,13040,945,95,2410,0011
SHANSHAN,2024,8,27,12,SuperT,2870,13030,940,100,2410,0011
SHANSHAN,2024,8,27,18,SuperT,2900,13010,940,100,2410,0011
SHANSHAN,2024,8,28,0,SuperT,2930,13010,940,100,2410,0011
SHANSHAN,2024,8,28,6,ST,3000,13000,945,95,2410,0011
SHANSHAN,2024,8,28,12,ST,3060,13010,950,90,2410,0011
SHANSHAN,2024,8,28,18,T,3130,13000,960,80,2410,0011
SHANSHAN,2024,8,29,0,T,3220,13030,968,70,2410,0011
SHANSHAN,2024,8,29,6,STS,3280,13040,976,60,2410,0011
SHANSHAN,2024,8,29,12,STS,3310,13060,984,50,2410,0011
SHANSHAN,2024,8,29,18,TS,3330,13090,988,45,2410,0011
SHANSHAN,2024,8,30,0,TS,3340,13170,992,40,2410,0011
SHANSHAN,2024,8,30,6,TS,3370,13240,992,40,2410,0011
SHANSHAN,2024,8,30,12,TS,3410,13340,995,35,2410,0011
SHANSHAN,2024,8,30,18,TS,3390,13420,995,35,2410,0011
SHANSHAN,2024,8,31,0,TS,3340,13540,995,35,2410,0011
SHANSHAN,2024,8,31,6,TD,3320,13640,998,30,2410,0011
SHANSHAN,2024,8,31,12,TD,3290,13710,998,30,2410,0011
SHANSHAN,2024,8,31,18,TD,3300,13710,998,30,2410,0011
SHANSHAN,2024,9,1,0,TD,3320,13690,1000,25,2410,0011
YAGI,2024,9,1,3,TD,1270,12580,1000,25,2411,0012
YAGI,2024,9,1,6,TD,1290,12540,998,30,2411,0012
YAGI,2024,9,1,12,TS,1370,12450,995,35,2411,0012
YAGI,2024,9,1,18,TS,1450,12320,992,40,2411,0012
YAGI,2024,9,2,0,TS,1530,12270,992,40,2411,0012
YAGI,2024,9,2,6,TS,1630,12220,992,40,2411,0012
YAGI,2024,9,2,12,TS,1720,12170,992,40,2411,0012
YAGI,2024,9,2,18,TS,1800,12070,992,40,2411,0012
YAGI,2024,9,3,0,TS,1830,11970,988,45,2411,0012
YAGI,2024,9,3,6,STS,1860,11910,984,50,2411,0012
YAGI,2024,9,3,12,STS,1880,11870,984,50,2411,0012
YAGI,2024,9,3,18,STS,1890,11830,976,60,2411,0012
YAGI,2024,9,4,0,T,1900,11780,972,65,2411,0012
YAGI,2024,9,4,6,T,1910,11750,960,80,2411,0012
YAGI,2024,9,4,12,ST,1920,11700,945,95,2411,0012
YAGI,2024,9,4,18,SuperT,1910,11630,935,105,2411,0012
YAGI,2024,9,5,0,SuperT,1900,11580,925,115,2411,0012
YAGI,2024,9,5,6,SuperT,1920,11510,925,115,2411,0012
YAGI,2024,9,5,12,SuperT,1930,11420,925,115,2411,0012
YAGI,2024,9,5,18,SuperT,1920,11300,920,120,2411,0012
YAGI,2024,9,6,0,SuperT,1920,11230,915,125,2411,0012
YAGI,2024,9,6,6,SuperT,1970,11130,915,125,2411,0012
YAGI,2024,9,6,12,SuperT,2000,11020,935,105,2411,0012
YAGI,2024,9,6,18,SuperT,2030,10910,940,100,2411,0012
YAGI,2024,9,7,0,SuperT,2040,10820,935,105,2411,0012
YAGI,2024,9,7,6,SuperT,2070,10720,935,105,2411,0012
YAGI,2024,9,7,9,ST,2090,10660,950,90,2411,0012
YAGI,2024,9,7,12,T,2100,10610,964,75,2411,0012
YAGI,2024,9,7,18,STS,2110,10530,980,55,2411,0012
YAGI,2024,9,8,0,TS,2120,10490,995,35,2411,0012
YAGI,2024,9,8,6,TD,2150,10420,1000,25,2411,0012
HONE,2024,9,3,0,TD,2760,17940,1002,30,,0013
HONE,2024,9,3,6,TD,2880,17890,1002,30,,0013
HONE,2024,9,3,12,TD,2940,17850,1004,25,,0013
HONE,2024,9,3,18,TD,2980,17810,1004,25,,0013
LEEPI,2024,9,3,0,TD,2480,14730,1004,25,2412,0014
LEEPI,2024,9,3,6,TD,2500,14720,1004,25,2412,0014
LEEPI,2024,9,3,12,TD,2560,14750,1004,25,2412,0014
LEEPI,2024,9,3,18,TD,2670,14730,1004,25,2412,0014
LEEPI,2024,9,4,0,TD,2800,14710,1002,30,2412,0014
LEEPI,2024,9,4,6,TD,2900,14690,1002,30,2412,0014
LEEPI,2024,9,4,12,TD,3010,14670,1002,30,2412,0014
LEEPI,2024,9,4,18,TD,3120,14630,1002,30,2412,0014
LEEPI,2024,9,5,0,TS,3220,14590,1000,35,2412,0014
LEEPI,2024,9,5,6,TS,3310,14580,1000,35,2412,0014
LEEPI,2024,9,5,12,TS,3390,14600,1000,35,2412,0014
LEEPI,2024,9,5,18,TS,3490,14690,1000,35,2412,0014
LEEPI,2024,9,6,0,TS,3590,14820,1000,35,2412,0014
LEEPI,2024,9,6,6,TS,3690,14970,1000,35,2412,0014
LEEPI,2024,9,6,12,TS,3790,15110,1000,35,2412,0014
BEBINCA,2024,9,10,0,TD,1090,14670,1000,25,2413,0015
BEBINCA,2024,9,10,6,TD,1160,14620,998,30,2413,0015
BEBINCA,2024,9,10,12,TS,1240,14520,995,35,2413,0015
BEBINCA,2024,9,10,18,TS,1300,14440,995,35,2413,0015
BEBINCA,2024,9,11,0,TS,1370,14270,995,35,2413,0015
BEBINCA,2024,9,11,6,TS,1450,14210,995,35,2413,0015
BEBINCA,2024,9,11,12,TS,1510,14090,992,40,2413,0015
BEBINCA,2024,9,11,18,TS,1590,14060,988,45,2413,0015
BEBINCA,2024,9,12,0,STS,1750,14010,984,50,2413,0015
BEBINCA,2024,9,12,6,STS,1910,13960,984,50,2413,0015
BEBINCA,2024,9,12,12,STS,2020,13860,984,50,2413,0015
BEBINCA,2024,9,12,18,TS,2110,13760,988,45,2413,0015
BEBINCA,2024,9,13,0,TS,2220,13690,992,40,2413,0015
BEBINCA,2024,9,13,6,TS,2350,13550,992,40,2413,0015
BEBINCA,2024,9,13,12,TS,2440,13390,988,45,2413,0015
BEBINCA,2024,9,13,18,TS,2520,13280,988,45,2413,0015
BEBINCA,2024,9,14,0,STS,2640,13160,984,50,2413,0015
BEBINCA,2024,9,14,6,STS,2740,13020,980,55,2413,0015
BEBINCA,2024,9,14,12,STS,2810,12920,976,60,2413,0015
BEBINCA,2024,9,14,18,T,2890,12810,972,65,2413,0015
BEBINCA,2024,9,15,0,T,2970,12720,968,70,2413,0015
BEBINCA,2024,9,15,6,T,3010,12590,964,75,2413,0015
BEBINCA,2024,9,15,12,T,3030,12470,960,80,2413,0015
BEBINCA,2024,9,15,18,T,3050,12310,960,80,2413,0015
BEBINCA,2024,9,16,0,T,3090,12170,960,80,2413,0015
BEBINCA,2024,9,16,6,STS,3140,12040,976,60,2413,0015
BEBINCA,2024,9,16,12,STS,3170,11940,984,50,2413,0015
BEBINCA,2024,9,16,18,TS,3210,11820,988,45,2413,0015
BEBINCA,2024,9,17,0,TS,3270,11710,995,35,2413,0015
BEBINCA,2024,9,17,6,TD,3310,11640,998,30,2413,0015
BEBINCA,2024,9,17,12,TD,3310,11590,1000,25,2413,0015
PULASAN,2024,9,15,12,TD,1290,14420,1000,25,2414,0016
PULASAN,2024,9,15,18,TD,1370,14370,998,30,2414,0016
PULASAN,2024,9,16,0,TD,1470,14280,998,30,2414,0016
PULASAN,2024,9,16,6,TD,1580,14220,998,30,2414,0016
PULASAN,2024,9,16,12,TS,1680,14110,995,35,2414,0016
PULASAN,2024,9,16,18,TS,1790,14020,992,40,2414,0016
PULASAN,2024,9,17,0,TS,1890,13840,988,45,2414,0016
PULASAN,2024,9,17,6,TS,2020,13660,988,45,2414,0016
PULASAN,2024,9,17,12,TS,2150,13460,988,45,2414,0016
PULASAN,2024,9,17,18,TS,2230,13300,988,45,2414,0016
PULASAN,2024,9,18,0,TS,2310,13150,988,45,2414,0016
PULASAN,2024,9,18,6,TS,2440,12970,988,45,2414,0016
PULASAN,2024,9,18,12,TS,2560,12880,992,40,2414,0016
PULASAN,2024,9,18,18,TS,2710,12690,992,40,2414,0016
PULASAN,2024,9,19,0,TS,2880,12550,992,40,2414,0016
PULASAN,2024,9,19,6,TS,2970,12400,988,45,2414,0016
PULASAN,2024,9,19,12,TS,3080,12220,988,45,2414,0016
PULASAN,2024,9,19,18,TS,3150,12090,992,40,2414,0016
PULASAN,2024,9,20,0,TS,3180,12010,995,35,2414,0016
PULASAN,2024,9,20,6,TS,3250,12040,995,35,2414,0016
PULASAN,2024,9,20,12,TS,3270,12110,995,35,2414,0016
PULASAN,2024,9,20,18,TS,3310,12180,995,35,2414,0016
PULASAN,2024,9,21,0,TS,3330,12330,995,35,2414,0016
SOULIK,2024,9,16,0,TD,1720,12510,998,25,2415,0017
SOULIK,2024,9,16,6,TD,1730,12470,998,25,2415,0017
SOULIK,2024,9,16,12,TD,1730,12320,998,25,2415,0017
SOULIK,2024,9,16,18,TD,1720,12110,998,25,2415,0017
SOULIK,2024,9,17,0,TD,1700,11940,998,25,2415,0017
SOULIK,2024,9,17,6,TD,1700,11850,998,25,2415,0017
SOULIK,2024,9,17,12,TD,1690,11730,996,30,2415,0017
SOULIK,2024,9,17,18,TD,1650,11530,996,30,2415,0017
SOULIK,2024,9,18,0,TD,1650,11370,996,30,2415,0017
SOULIK,2024,9,18,6,TD,1660,11220,996,30,2415,0017
SOULIK,2024,9,18,12,TD,1720,11130,996,30,2415,0017
SOULIK,2024,9,18,18,TS,1750,11010,994,35,2415,0017
SOULIK,2024,9,19,0,TS,1720,10830,994,35,2415,0017
SOULIK,2024,9,19,6,TS,1690,10710,994,35,2415,0017
SOULIK,2024,9,19,12,TD,1680,10630,996,30,2415,0017
SOULIK,2024,9,19,18,TD,1700,10570,998,25,2415,0017
nameless,2024,9,22,0,TD,2490,11980,1000,30,,0018
nameless,2024,9,22,6,TD,2450,11910,1002,25,,0018
nameless,2024,9,22,9,TD,2430,11880,1002,25,,0018
CIMARON,2024,9,23,12,TD,2870,13130,1002,25,2416,0019
CIMARON,2024,9,23,18,TD,2840,13260,1002,25,2416,0019
CIMARON,2024,9,24,0,TD,2800,13360,1002,25,2416,0019
CIMARON,2024,9,24,6,TD,2790,13410,1002,25,2416,0019
CIMARON,2024,9,24,12,TD,2780,13510,1000,30,2416,0019
CIMARON,2024,9,24,18,TD,2810,13520,1000,30,2416,0019
CIMARON,2024,9,25,0,TS,2830,13450,998,35,2416,0019
CIMARON,2024,9,25,6,TS,2820,13390,998,35,2416,0019
CIMARON,2024,9,25,12,TS,2780,13330,998,35,2416,0019
CIMARON,2024,9,25,18,TS,2790,13290,998,35,2416,0019
CIMARON,2024,9,26,0,TS,2820,13240,998,35,2416,0019
CIMARON,2024,9,26,6,TD,2800,13220,1000,30,2416,0019
CIMARON,2024,9,26,12,TD,2800,13190,1002,25,2416,0019
CIMARON,2024,9,26,18,TD,2830,13200,1002,25,2416,0019
CIMARON,2024,9,27,0,TD,2850,13220,1002,25,2416,0019
JEBI,2024,9,26,0,TD,1590,14730,1002,25,2417,0020
JEBI,2024,9,26,6,TD,1610,14720,1002,25,2417,0020
JEBI,2024,9,26,12,TD,1680,14670,1002,25,2417,0020
JEBI,2024,9,26,18,TD,1740,14620,1000,30,2417,0020
JEBI,2024,9,27,0,TD,1780,14550,1000,30,2417,0020
JEBI,2024,9,27,6,TS,1790,14540,998,35,2417,0020
JEBI,2024,9,27,12,TS,1800,14530,998,35,2417,0020
JEBI,2024,9,27,18,TS,1930,14450,998,35,2417,0020
JEBI,2024,9,28,0,TS,2000,14330,998,35,2417,0020
JEBI,2024,9,28,6,TS,2080,14290,998,35,2417,0020
JEBI,2024,9,28,12,TS,2140,14280,998,35,2417,0020
JEBI,2024,9,28,18,TS,2190,14210,998,35,2417,0020
JEBI,2024,9,29,0,TS,2260,14150,998,35,2417,0020
JEBI,2024,9,29,6,TS,2400,14140,998,35,2417,0020
JEBI,2024,9,29,12,TS,2460,14090,998,35,2417,0020
JEBI,2024,9,29,18,TS,2520,14070,998,35,2417,0020
JEBI,2024,9,30,0,TS,2590,14040,998,35,2417,0020
JEBI,2024,9,30,6,TS,2760,14060,995,40,2417,0020
JEBI,2024,9,30,12,TS,2930,14090,992,45,2417,0020
JEBI,2024,9,30,18,STS,3080,14140,988,50,2417,0020
JEBI,2024,10,1,0,STS,3280,14150,980,60,2417,0020
JEBI,2024,10,1,6,STS,3480,14220,980,60,2417,0020
JEBI,2024,10,1,12,STS,3680,14340,980,60,2417,0020
JEBI,2024,10,1,18,STS,3910,14550,980,60,2417,0020
JEBI,2024,10,2,0,STS,4230,14890,980,60,2417,0020
JEBI,2024,10,2,6,STS,4510,15330,988,50,2417,0020
KRATHON,2024,9,26,12,TD,2180,12760,1002,25,2418,0021
KRATHON,2024,9,26,18,TD,2130,12720,1002,25,2418,0021
KRATHON,2024,9,27,0,TD,2090,12670,1002,25,2418,0021
KRATHON,2024,9,27,6,TD,2020,12620,1002,25,2418,0021
KRATHON,2024,9,27,12,TD,1970,12590,1000,30,2418,0021
KRATHON,2024,9,27,18,TD,1900,12570,1000,30,2418,0021
KRATHON,2024,9,28,0,TS,1880,12560,998,35,2418,0021
KRATHON,2024,9,28,6,TS,1860,12540,994,40,2418,0021
KRATHON,2024,9,28,12,TS,1840,12520,990,45,2418,0021
KRATHON,2024,9,28,18,STS,1850,12500,986,50,2418,0021
KRATHON,2024,9,29,0,STS,1870,12450,978,60,2418,0021
KRATHON,2024,9,29,6,T,1940,12390,970,70,2418,0021
KRATHON,2024,9,29,12,T,1980,12300,960,80,2418,0021
KRATHON,2024,9,29,18,ST,1990,12240,945,95,2418,0021
KRATHON,2024,9,30,0,SuperT,2010,12210,940,100,2418,0021
KRATHON,2024,9,30,6,SuperT,2050,12120,935,105,2418,0021
KRATHON,2024,9,30,12,SuperT,2050,12050,930,110,2418,0021
KRATHON,2024,9,30,18,SuperT,2060,12000,920,120,2418,0021
KRATHON,2024,10,1,0,SuperT,2070,11960,925,115,2418,0021
KRATHON,2024,10,1,6,SuperT,2090,11950,925,115,2418,0021
KRATHON,2024,10,1,12,SuperT,2130,11930,935,105,2418,0021
KRATHON,2024,10,1,18,ST,2140,11920,945,95,2418,0021
KRATHON,2024,10,2,0,ST,2150,11940,945,95,2418,0021
KRATHON,2024,10,2,6,ST,2190,11940,950,90,2418,0021
KRATHON,2024,10,2,12,ST,2200,11960,955,85,2418,0021
KRATHON,2024,10,2,18,T,2220,11970,960,80,2418,0021
KRATHON,2024,10,3,0,T,2240,12000,965,75,2418,0021
KRATHON,2024,10,3,6,T,2260,12040,974,65,2418,0021
KRATHON,2024,10,3,12,STS,2270,12050,986,50,2418,0021
KRATHON,2024,10,3,15,TS,2270,12060,998,35,2418,0021
KRATHON,2024,10,3,18,TD,2270,12070,1000,30,2418,0021
BARIJAT,2024,10,6,0,TD,1670,14560,1002,25,2419,0022
BARIJAT,2024,10,6,6,TD,1780,14520,1002,25,2419,0022
BARIJAT,2024,10,6,12,TD,1840,14540,1000,30,2419,0022
BARIJAT,2024,10,6,18,TD,1960,14560,1000,30,2419,0022
BARIJAT,2024,10,7,0,TD,2090,14610,1000,30,2419,0022
BARIJAT,2024,10,7,6,TD,2200,14660,1000,30,2419,0022
BARIJAT,2024,10,7,12,TD,2310,14720,1000,30,2419,0022
BARIJAT,2024,10,7,18,TD,2390,14720,1000,30,2419,0022
BARIJAT,2024,10,8,0,TD,2390,14700,1000,30,2419,0022
BARIJAT,2024,10,8,6,TD,2390,14700,1000,30,2419,0022
BARIJAT,2024,10,8,12,TD,2400,14740,1000,30,2419,0022
BARIJAT,2024,10,8,18,TD,2460,14820,1000,30,2419,0022
BARIJAT,2024,10,9,0,TD,2590,14900,1000,30,2419,0022
BARIJAT,2024,10,9,6,TD,2760,14940,1000,30,2419,0022
BARIJAT,2024,10,9,12,TS,2980,14900,998,35,2419,0022
BARIJAT,2024,10,9,18,TS,3120,14930,998,35,2419,0022
BARIJAT,2024,10,10,0,TS,3240,15030,998,35,2419,0022
BARIJAT,2024,10,10,6,TS,3490,15080,998,35,2419,0022
BARIJAT,2024,10,10,12,TS,3660,15240,998,35,2419,0022
BARIJAT,2024,10,10,18,TS,3950,15400,998,35,2419,0022
TRAMI,2024,10,20,18,TD,1330,13360,1002,25,2420,0023
TRAMI,2024,10,21,0,TD,1350,13210,1000,30,2420,0023
TRAMI,2024,10,21,6,TD,1370,13060,1000,30,2420,0023
TRAMI,2024,10,21,12,TD,1330,12920,1000,30,2420,0023
TRAMI,2024,10,21,18,TS,1340,12830,998,35,2420,0023
TRAMI,2024,10,22,0,TS,1370,12740,998,35,2420,0023
TRAMI,2024,10,22,6,TS,1420,12660,995,40,2420,0023
TRAMI,2024,10,22,12,TS,1470,12590,992,45,2420,0023
TRAMI,2024,10,22,18,TS,1530,12510,992,45,2420,0023
TRAMI,2024,10,23,0,TS,1590,12430,992,45,2420,0023
TRAMI,2024,10,23,6,STS,1630,12360,988,50,2420,0023
TRAMI,2024,10,23,12,STS,1670,12300,988,50,2420,0023
TRAMI,2024,10,23,18,STS,1720,12220,988,50,2420,0023
TRAMI,2024,10,24,0,STS,1720,12110,988,50,2420,0023
TRAMI,2024,10,24,6,STS,1720,12040,988,50,2420,0023
TRAMI,2024,10,24,12,STS,1680,11980,988,50,2420,0023
TRAMI,2024,10,24,18,STS,1690,11920,988,50,2420,0023
TRAMI,2024,10,25,0,STS,1710,11860,988,50,2420,0023
TRAMI,2024,10,25,6,STS,1760,11720,988,50,2420,0023
TRAMI,2024,10,25,12,STS,1730,11620,984,55,2420,0023
TRAMI,2024,10,25,18,STS,1740,11470,980,60,2420,0023
TRAMI,2024,10,26,0,STS,1700,11330,980,60,2420,0023
TRAMI,2024,10,26,6,T,1710,11190,975,65,2420,0023
TRAMI,2024,10,26,12,STS,1700,11080,980,60,2420,0023
TRAMI,2024,10,26,18,STS,1690,10960,988,50,2420,0023
TRAMI,2024,10,27,0,TS,1670,10860,992,45,2420,0023
TRAMI,2024,10,27,6,TS,1590,10790,995,40,2420,0023
TRAMI,2024,10,27,12,TS,1560,10750,998,35,2420,0023
TRAMI,2024,10,27,18,TD,1550,10780,1002,25,2420,0023
TRAMI,2024,10,28,0,TD,1570,10800,1002,25,2420,0023
KONG-REY,2024,10,24,6,TD,1370,14850,1004,25,2421,0024
KONG-REY,2024,10,24,12,TD,1350,14630,1002,30,2421,0024
KONG-REY,2024,10,24,18,TS,1360,14590,1000,35,2421,0024
KONG-REY,2024,10,25,0,TS,1420,14470,1000,35,2421,0024
KONG-REY,2024,10,25,6,TS,1490,14270,1000,35,2421,0024
KONG-REY,2024,10,25,12,TS,1530,14120,1000,35,2421,0024
KONG-REY,2024,10,25,18,TS,1620,13950,1000,35,2421,0024
KONG-REY,2024,10,26,0,TS,1630,13760,1000,35,2421,0024
KONG-REY,2024,10,26,6,TS,1660,13640,1000,35,2421,0024
KONG-REY,2024,10,26,12,TS,1650,13490,1000,35,2421,0024
KONG-REY,2024,10,26,18,TS,1670,13340,1000,35,2421,0024
KONG-REY,2024,10,27,0,TS,1670,13270,1000,35,2421,0024
KONG-REY,2024,10,27,6,TS,1650,13220,996,40,2421,0024
KONG-REY,2024,10,27,12,TS,1630,13170,992,45,2421,0024
KONG-REY,2024,10,27,18,TS,1650,13050,992,45,2421,0024
KONG-REY,2024,10,28,0,STS,1640,12950,988,50,2421,0024
KONG-REY,2024,10,28,6,STS,1650,12890,984,55,2421,0024
KONG-REY,2024,10,28,12,STS,1670,12840,984,55,2421,0024
KONG-REY,2024,10,28,18,STS,1720,12800,980,60,2421,0024
KONG-REY,2024,10,29,0,T,1740,12730,970,70,2421,0024
KONG-REY,2024,10,29,6,ST,1780,12660,955,85,2421,0024
KONG-REY,2024,10,29,12,ST,1830,12590,945,95,2421,0024
KONG-REY,2024,10,29,18,SuperT,1880,12540,935,105,2421,0024
KONG-REY,2024,10,30,0,SuperT,1920,12490,925,115,2421,0024
KONG-REY,2024,10,30,6,SuperT,1970,12430,930,110,2421,0024
KONG-REY,2024,10,30,12,SuperT,2030,12360,935,105,2421,0024
KONG-REY,2024,10,30,18,SuperT,2100,12290,940,100,2421,0024
KONG-REY,2024,10,31,0,SuperT,2190,12220,940,100,2421,0024
KONG-REY,2024,10,31,6,ST,2310,12130,945,95,2421,0024
KONG-REY,2024,10,31,12,T,2400,12000,965,75,2421,0024
KONG-REY,2024,10,31,18,STS,2500,12000,984,55,2421,0024
KONG-REY,2024,11,1,0,TS,2660,12060,996,40,2421,0024
KONG-REY,2024,11,1,6,TS,2840,12160,996,40,2421,0024
KONG-REY,2024,11,1,9,TS,2960,12240,996,40,2421,0024
YINXING,2024,11,3,0,TD,890,13890,1004,25,2422,0025
YINXING,2024,11,3,6,TD,980,13790,1004,25,2422,0025
YINXING,2024,11,3,12,TD,1070,13630,1002,30,2422,0025
YINXING,2024,11,3,18,TS,1130,13460,1000,35,2422,0025
YINXING,2024,11,4,0,TS,1210,13310,996,40,2422,0025
YINXING,2024,11,4,6,TS,1310,13150,992,45,2422,0025
YINXING,2024,11,4,12,STS,1410,13020,988,50,2422,0025
YINXING,2024,11,4,18,STS,1530,12890,984,55,2422,0025
YINXING,2024,11,5,0,STS,1610,12750,980,60,2422,0025
YINXING,2024,11,5,6,T,1680,12660,970,70,2422,0025
YINXING,2024,11,5,12,T,1740,12590,960,80,2422,0025
YINXING,2024,11,5,18,T,1780,12510,960,80,2422,0025
YINXING,2024,11,6,0,T,1800,12470,960,80,2422,0025
YINXING,2024,11,6,6,ST,1810,12440,950,90,2422,0025
YINXING,2024,11,6,12,ST,1820,12400,945,95,2422,0025
YINXING,2024,11,6,18,SuperT,1830,12350,940,100,2422,0025
YINXING,2024,11,7,0,SuperT,1850,12300,930,110,2422,0025
YINXING,2024,11,7,6,SuperT,1850,12240,920,120,2422,0025
YINXING,2024,11,7,12,SuperT,1860,12150,930,110,2422,0025
YINXING,2024,11,7,18,ST,1850,12050,945,95,2422,0025
YINXING,2024,11,8,0,ST,1830,11930,955,85,2422,0025
YINXING,2024,11,8,6,ST,1840,11810,955,85,2422,0025
YINXING,2024,11,8,12,ST,1840,11700,955,85,2422,0025
YINXING,2024,11,8,18,ST,1860,11590,945,95,2422,0025
YINXING,2024,11,9,0,ST,1880,11500,945,95,2422,0025
YINXING,2024,11,9,6,SuperT,1900,11420,940,100,2422,0025
YINXING,2024,11,9,12,SuperT,1910,11370,940,100,2422,0025
YINXING,2024,11,9,18,SuperT,1910,11340,940,100,2422,0025
YINXING,2024,11,10,0,ST,1900,11320,950,90,2422,0025
YINXING,2024,11,10,6,T,1880,11300,960,80,2422,0025
YINXING,2024,11,10,12,T,1840,11260,970,70,2422,0025
YINXING,2024,11,10,18,STS,1780,11200,988,50,2422,0025
YINXING,2024,11,11,0,TS,1710,11140,996,40,2422,0025
YINXING,2024,11,11,6,TS,1640,11080,1000,35,2422,0025
YINXING,2024,11,11,12,TS,1570,11030,1000,35,2422,0025
YINXING,2024,11,11,18,TD,1510,10990,1002,30,2422,0025
YINXING,2024,11,12,0,TD,1450,10960,1004,25,2422,0025
YINXING,2024,11,12,3,TD,1420,10950,1004,25,2422,0025
MAN-YI,2024,11,8,18,TD,1250,16180,1002,30,2424,0026
MAN-YI,2024,11,9,0,TS,1380,16030,1000,35,2424,0026
MAN-YI,2024,11,9,6,TS,1450,15920,1000,35,2424,0026
MAN-YI,2024,11,9,12,TS,1540,15780,996,40,2424,0026
MAN-YI,2024,11,9,18,TS,1570,15690,996,40,2424,0026
MAN-YI,2024,11,10,0,TS,1580,15590,992,45,2424,0026
MAN-YI,2024,11,10,6,TS,1570,15540,992,45,2424,0026
MAN-YI,2024,11,10,12,TS,1570,15490,992,45,2424,0026
MAN-YI,2024,11,10,18,TS,1540,15400,992,45,2424,0026
MAN-YI,2024,11,11,0,TS,1510,15300,992,45,2424,0026
MAN-YI,2024,11,11,6,TS,1480,15250,992,45,2424,0026
MAN-YI,2024,11,11,12,TS,1460,15180,992,45,2424,0026
MAN-YI,2024,11,11,18,TS,1440,15060,992,45,2424,0026
MAN-YI,2024,11,12,0,TS,1430,14890,992,45,2424,0026
MAN-YI,2024,11,12,6,TS,1420,14750,992,45,2424,0026
MAN-YI,2024,11,12,12,TS,1400,14620,992,45,2424,0026
MAN-YI,2024,11,12,18,TS,1340,14500,992,45,2424,0026
MAN-YI,2024,11,13,0,TS,1250,14400,992,45,2424,0026
MAN-YI,2024,11,13,6,TS,1240,14280,992,45,2424,0026
MAN-YI,2024,11,13,12,TS,1180,14120,992,45,2424,0026
MAN-YI,2024,11,13,18,TS,1120,13960,992,45,2424,0026
MAN-YI,2024,11,14,0,TS,1070,13790,992,45,2424,0026
MAN-YI,2024,11,14,6,TS,1040,13650,992,45,2424,0026
MAN-YI,2024,11,14,12,STS,1020,13500,988,50,2424,0026
MAN-YI,2024,11,14,18,STS,1020,13350,980,60,2424,0026
MAN-YI,2024,11,15,0,T,1050,13190,970,70,2424,0026
MAN-YI,2024,11,15,6,ST,1080,13040,955,85,2424,0026
MAN-YI,2024,11,15,12,ST,1140,12900,945,95,2424,0026
MAN-YI,2024,11,15,18,SuperT,1200,12780,930,110,2424,0026
MAN-YI,2024,11,16,0,SuperT,1260,12670,920,120,2424,0026
MAN-YI,2024,11,16,6,SuperT,1320,12560,920,120,2424,0026
MAN-YI,2024,11,16,12,SuperT,1390,12460,925,115,2424,0026
MAN-YI,2024,11,16,18,SuperT,1430,12380,930,110,2424,0026
MAN-YI,2024,11,17,0,SuperT,1500,12290,930,110,2424,0026
MAN-YI,2024,11,17,6,SuperT,1580,12190,930,110,2424,0026
MAN-YI,2024,11,17,12,ST,1640,12080,955,85,2424,0026
MAN-YI,2024,11,17,18,T,1760,11940,970,70,2424,0026
MAN-YI,2024,11,18,0,STS,1800,11820,980,60,2424,0026
MAN-YI,2024,11,18,6,STS,1840,11700,980,60,2424,0026
MAN-YI,2024,11,18,12,STS,1860,11610,980,60,2424,0026
MAN-YI,2024,11,18,18,STS,1890,11510,988,50,2424,0026
MAN-YI,2024,11,19,0,TS,1900,11410,992,45,2424,0026
MAN-YI,2024,11,19,6,TS,1870,11300,1000,35,2424,0026
MAN-YI,2024,11,19,12,TD,1810,11200,1004,25,2424,0026
MAN-YI,2024,11,19,15,TD,1790,11170,1004,25,2424,0026
TORAJI,2024,11,9,0,TD,1440,13280,1004,25,2423,0027
TORAJI,2024,11,9,6,TD,1450,13140,1002,30,2423,0027
TORAJI,2024,11,9,12,TS,1470,13020,1000,35,2423,0027
TORAJI,2024,11,9,18,TS,1490,12850,996,40,2423,0027
TORAJI,2024,11,10,0,STS,1510,12690,988,50,2423,0027
TORAJI,2024,11,10,6,STS,1520,12550,984,55,2423,0027
TORAJI,2024,11,10,12,STS,1550,12440,980,60,2423,0027
TORAJI,2024,11,10,18,T,1590,12330,975,65,2423,0027
TORAJI,2024,11,11,0,T,1630,12230,970,70,2423,0027
TORAJI,2024,11,11,6,T,1690,12110,975,65,2423,0027
TORAJI,2024,11,11,12,STS,1790,12000,980,60,2423,0027
TORAJI,2024,11,11,18,STS,1830,11920,984,55,2423,0027
TORAJI,2024,11,12,0,STS,1870,11860,988,50,2423,0027
TORAJI,2024,11,12,6,STS,1910,11810,988,50,2423,0027
TORAJI,2024,11,12,12,STS,1950,11760,988,50,2423,0027
TORAJI,2024,11,12,18,TS,1990,11700,992,45,2423,0027
TORAJI,2024,11,13,0,TS,2030,11630,992,45,2423,0027
TORAJI,2024,11,13,6,TS,2060,11550,992,45,2423,0027
TORAJI,2024,11,13,12,TS,2090,11500,992,45,2423,0027
TORAJI,2024,11,13,18,TS,2110,11460,992,45,2423,0027
TORAJI,2024,11,14,0,TS,2110,11410,996,40,2423,0027
TORAJI,2024,11,14,6,TS,2110,11390,996,40,2423,0027
TORAJI,2024,11,14,12,TD,2110,11350,1002,30,2423,0027
TORAJI,2024,11,14,18,TD,2110,11320,1004,25,2423,0027
USAGI,2024,11,11,0,TD,1190,13990,1004,25,2425,0028
USAGI,2024,11,11,6,TD,1230,13820,1002,30,2425,0028
USAGI,2024,11,11,12,TD,1250,13670,1002,30,2425,0028
USAGI,2024,11,11,18,TS,1300,13490,1000,35,2425,0028
USAGI,2024,11,12,0,TS,1360,13360,1000,35,2425,0028
USAGI,2024,11,12,6,TS,1400,13190,992,45,2425,0028
USAGI,2024,11,12,12,STS,1440,13040,984,55,2425,0028
USAGI,2024,11,12,18,T,1470,12890,975,65,2425,0028
USAGI,2024,11,13,0,T,1510,12790,965,75,2425,0028
USAGI,2024,11,13,6,ST,1560,12640,955,85,2425,0028
USAGI,2024,11,13,12,SuperT,1620,12530,940,100,2425,0028
USAGI,2024,11,13,18,SuperT,1660,12400,930,110,2425,0028
USAGI,2024,11,14,0,SuperT,1720,12310,940,100,2425,0028
USAGI,2024,11,14,6,ST,1790,12210,945,95,2425,0028
USAGI,2024,11,14,12,ST,1870,12150,955,85,2425,0028
USAGI,2024,11,14,18,T,1980,12060,965,75,2425,0028
USAGI,2024,11,15,0,T,2050,12000,970,70,2425,0028
USAGI,2024,11,15,6,STS,2120,11960,980,60,2425,0028
USAGI,2024,11,15,12,TS,2170,11980,992,45,2425,0028
USAGI,2024,11,15,18,TS,2210,12000,1000,35,2425,0028
USAGI,2024,11,16,0,TD,2250,12020,1002,30,2425,0028
USAGI,2024,11,16,3,TD,2220,12040,1004,25,2425,0028
PABUK,2024,12,22,12,TD,1040,11350,1002,25,2426,0029
PABUK,2024,12,22,18,TD,1070,11320,1002,25,2426,0029
PABUK,2024,12,23,0,TD,1130,11290,1000,30,2426,0029
PABUK,2024,12,23,6,TD,1110,11260,1000,30,2426,0029
PABUK,2024,12,23,12,TD,1110,11250,1000,30,2426,0029
PABUK,2024,12,23,18,TD,1160,11230,1000,30,2426,0029
PABUK,2024,12,24,0,TD,1150,11230,1000,30,2426,0029
PABUK,2024,12,24,6,TD,1150,11210,1000,30,2426,0029
PABUK,2024,12,24,12,TD,1130,11190,1000,30,2426,0029
PABUK,2024,12,24,18,TD,1100,11150,1000,30,2426,0029
PABUK,2024,12,25,0,TD,1060,11080,1002,25,2426,0029
PABUK,2024,12,25,6,TD,970,11030,1002,25,2426,0029
